Sentiment,Text
pos,call leader help protect refuge covid19 provid qualiti health care
pos,ogun state support cbn nirsal covid19 target credit facil tcf
pos,polic offici base namahadi polic station busi drink liquor certain tavern whilst duti
neg,taiwan vice presid chen chien jen countri fight covid19
neg,break new york woman symptom die last week prescrib drug cocktail known 
pos,doctor friend deliv babi crisi told interest data larg nyc area hospit
neg,covid19 attack almost anyth bodi devast consequ feroc breathtak humbl
pos,prevent key know simpl step take today protect
neg,wallac pelosi also downplay covid19 presid underplay threat earli day speaker pel
neg,iphrc condemn unrel viciou campaign malign muslim spread
neg,le british peopl kill day circa time number dead uk covid19 ne
neg,treatment mortal rate track destroy medic system given flu season 
pos,mila launch quarantin wine profit go covid19 relief effort
neg,covid19 alberta doctor slam provinc shoddi mask
neg,touch funk akindel releas statement import maintain social distanc fight aga
neg,let get straight conspir china mislead covid19 trump threaten defund provid
neg,know covid19 hoax set nwo asleep sheep follow anyth medium tel
neg,nation treasuri respons covid19 pandem cut across sector health water etc far ksh di
pos,produc set resourc design use school parent carer support home lea
neg,casino open lawsuit covid19 cluster trace
neg,covid19 diabet man dy lack food medicin delhi quarantin centr moham musthafa resid coimbator
pos,share kati sweet famili need help ever covid19 relief coelh
pos,great meet today discu ongo respons covid19 grate 
pos,let clear covid19 test late april trump could mani test want admit
neg,news point item list ppe kit use medic staff fight covid19 va offer
pos,uofl develop technolog believ block novel coronaviru infect human cell uofl research hope fa
neg,rocket scienc simpli math next week lost american covid19 week 
neg,dhanyawad creat person bodyguard everi indian fight covid19 
pos,one sent home without pay billionair work line pocket yet ceo
pos,doubt deni sever intens realiti covid19 wish could look eye
neg,ekiti record first covid19 death new mother thecabl
neg,interview one book fear citizen happen la vega stay
pos,today daili elain major suprem court decis juri verdict may offer clue justic
pos,stewart say proud vancouv resid follow order help flatten curv outb
pos,control british govern respons covid19 great articl via
pos,public compani took covid19 loan meant small busi admit feder respons screw
neg,must solo run govt exit plan wind public health restrict consult agreem
neg,warn come greek author announc peopl test posit lock migrant hotel cou
neg,sever punish challeng measur covid19
neg,covid19 test temporarili suspend kano bc staff test posit test kit got finish heal
neg,go depth hell le grand even pay life trump di
pos,exchang view covid19 pandem pm thank support care extend
pos,good news ton peopl contact news help veteran evict landlord bad news
pos,good straight forward read
pos,write stori lost pandem gut honor get know someon
neg,fire bone covid19 victori danc news around
pos,group artist decid draw governor joho wonder healthcar worker honour covid19
neg,routin complain poverti reason minor die covid19 advoc
pos,louisiana longest serv incarcer woman suppos free instead covid19
pos,top stori white hat hacker help fold covid19 protein see
neg,fort dix april prison four staff member confirm covid19 civil right
pos,trust covid19 soon wait elenu sobolo garden fork
pos,congress go home clear timelin relief packag provid monthli univers cash
neg,everi person go work test test symptom want stop sprea
neg,news everyon talk covid19 democrat attempt sneak strictest gun control measur ever
neg,meet pcc dcc presid held today video conferenc co ordin ass cov
neg,make shit doggi breeder task lead covid19 pandem task forc the
neg,pm et tonight confirm death covid19 pa grim mileston confirm death
neg,look studi claim covid19 patient took hydrocholoquin like die tho
neg,kentucki total state debt billion ny billion idea fed fill
pos,new legal resourc healthcar organ ontario respond covid19 pandem
pos,two elder doctor self treat zinc hydroxychloroquin recov fulli covid19
pos,case perpetr encourag opportunist social polit leader rather work
neg,warn covid19 earli januari trump busi golf
pos,kati russel nomin aunt shirley work covid19 ward ulster hospit thank
neg,dump beauti cd girlon death row covid19 whatev mani empti kennel kill
pos,covid19 impact disabl peopl ireland pleas complet survey voic matter
neg,militari role combat covid19
pos,bangladesh decid extend covid19 shutdown day may initi declar gener holiday
pos,harri jayawardena aitken spenc call offer govt use resort hudhuranfushi help covid19 eff
pos,covid19 test free bangladesh highli regul minim cost privat sector cost priva
pos,trump propos irradi bodi uv light inject clean product directli bloodstream
pos,question unit state miss opportun get ahead novel window maki
pos,announc special call paper journal public econom covid19 shorter paper word fast
neg,last intak id alreadi use odd death row covid19 whatev empti kennel kill
neg,live berlin thousand activist sent demonstr sign week togeth demand
pos,help stay safe give latest news updat covid19 io
pos,final finish covid19 tran work sinc last week yay
neg,look ahead covid19 given flu jab year futur get money pharma
neg,great sad announc support worker kirsti jone sadli die covid19 colleagu said ki
pos,rumour kim jong un health intensifi chines medic team sent north korea advis care hea
neg,incompet modi govt inspit time warn ill prepar ad
pos,new maryland send emerg alert receiv call consum disinfect governor offic say htt
pos,thank nice summari potenti drug also short
neg,still shock vote man advis peopl inject clorox bleach
neg,print technolog bring cura jupe fight cura open sour
pos,excel articl success tori new labour govt peddl lie british public de
neg,level mean high increas case low level capac health servic
neg,flirtat eugen complic elector fraud contempt nh made domin cum
neg,new econom project show nation electr co op could suffer billion lost revenu
neg,halt fund world health organ world health crisi danger sound work
pos,proper handwash believ effect measur prevent covid19 tikapur municip
pos,western medium joker grace give india credit much better job dolt
pos,respect pm shri ji honour call milk produc famili banaskantha dist associat
neg,covid19 must reduc low level flu season start demand
pos,want life approach anyth like normal anytim soon need comprehens test program go
pos,thing may look littl differ day airport anyon pass feel safe know part
pos,great sad announc nurs larni zuniga sadli die covid19 friend say larni alway
neg,knew life tv could bore
pos,would appear nordi garda commission want british border ireland back
neg,global covid19 death toll surpass tragic death uk
pos,wow cool pluristem work placenta base cell therapi help treat patient sufferi
pos,andi cohen allow donat plasma covid19 patient gay
pos,nutshel treat prevent covid19 contrari rumor cure yet specif 
neg,tech tyranni twitter suspend account youtub remov video biotech compani creat covid19 treatment usin
neg,peopl die presid unfit unwel unaccept anti trump repu
neg,break news florida ski resort see break number despit covid19 warn
pos,clear lot debat whether govern act quickli enough tackl covid19
pos,updat step step guid nurs stay safe home shift end updat includ
neg,icymi research london join other around world joint studi loss smell among covid19
pos,ramzan mubarak pray everyon safeti well prosper may holi month bring abundanc
neg,covid19 updat today new case new recoveri death covid19 total figur malaysia apri
neg,nigeria mess crop polit leader continu fail peopl
neg,day ago west bengal deni death peopl due covid19 today confirm centr decid
neg, conspiraci theorist medium report death rate mean coronaviru death incl
pos,interest read
pos,good read golfer readi mani cours readi weather readi protocol
pos,scenario plan help busi better understand impact risk navig challeng futu
pos,good know mayb govern elain timelin 
pos,content cover stori go special king corona rule world dea
pos,sussex mental healthlin offer mental health support gener mental health concern well crisi sup
pos,first thing want covid19 lockdown eas
pos,confirm case covid19 tooel counti utah make perfect sens hair nail salon
neg,start say death covid19 come back fall
pos,franc anoth studi result look like smoke protect covid19 nicotin someth els
neg, ku student manufactur ventil aid covid19 war least week everi news
neg,due covid19 crisi fulfil wish child seriou ill came halt spo
pos,rdhl pm redhil announc patient treat opaganib compassion use show obj
pos,nikki travel beloit treat thousand patient nyc true health hero
pos,kurt recov great stori mom
neg,yesterday night mumbai bandra reclam shot exhaust doctor return home ask
neg,maharashtra highest number covid19 case india mumbai terribl bad shape yet middl 
neg,muzzl critic woman disabl face stigma abus refuge
neg,anti lockdown protest organ test posit covid19 demonstrati via america dumbest
pos,covid19 labour union want tripartit engag plight worker
neg,death per million popul germani denmark portug norway etc etc uk exa
pos,tyson food tyson order yo anni grant back work feed america even thoug
neg,bt temporarili suspend map soul world tour readjust entir schedul midst covid19 pandem
pos,record consecut day zero new case well done keep
neg,presid donald trump former un ambassador nikki haley attack illinoi democrat use covid19 crisi
neg,southern state histori racial discrimin restrict vote rule make nearli imposs black peo
pos,almost week character pandem world bank pay pandem bond ha
neg,dr paul kasenen covid19 pandem bigger question hidden problem part iii read
neg,sunday yesterday repres major drop covid19 death realiti fewer flu death bl
neg,sent british clinic volunt fight ebola sierra leon came home aliv far
pos,fill week chariti survey help shine light impact covid19 chariti sector
neg,covid19 death keep ad disrespect anyon die mani reason covid19
pos,four nation pull togeth share resourc win fight suppo
neg,covid19 biggest threat
pos,aim amazon like eerienc patient fulli built artifici intellig use data
neg,tame viru mean lock away healthi younger peopl foolish beat viru develop imm
neg,lift mental lockdown may issu sale today witch mark allot folklor levit jesu covid19 consp
neg,sicken order mandat place covid19 patient nurs rehabilit home new york someth
pos,scottish indi campaign must ramp urgent
pos,mani elderli covid19 patient sent back care home hospit without test see ne
pos,seen ask lava lamp time like sound like well listen
pos,veteran actor buri versova cemeteri presenc famili friend live updat http
pos,wildest part covid19 white peopl act like stay home order version civil rig
pos,fox fire diamond silk promot disinform covid19 diamond silk held high
neg,news varieti europ film industri war room debat covid19 impact nyon kind
pos,morn need help adapt workspac post covid19 help
neg,covid19 much lethal flu
neg,dad text attend funer colleagu die work ward fight
neg,health worker bow burial central reserv polic forc crpf offic die covid19 graveya
pos,leo dublin citi hold onlin panel discuss workshop help retail may th
pos,take insid covid19 hospit indor red zone meet heroic team docto pregnant woman new born bab
neg,covid19 tanzania case soar six death via
neg,cross dread vietnam barrier american kill covid19 three month vietnam
neg,actual see grave consequ disdain ignor intellig warn jeremi bash fmr
neg,illus heroism sink ship covid19 death tripl state run vet nurs home chester
pos,avg monetiz dau mdau grew typic season strength ongo product improv global conversatio
pos,woman behind vaccin may end covid19 pandem save world via
neg,hmmmm ye recal mani death due inadequ medic suppli covid19
pos,pregnant worri stay safe tip
neg,remdesivir drug made ebola block coronaviru day take patient given drug
pos,world health organ advis peopl follow five simpl step help prevent spread covid19
pos,uk music compil advic govern fund bodi support music busi affect impact
neg,barri took recess control made train wreck borrow lot offrom chicom shovel rea
pos,ceteri support local compani major tenant alva eand assist fight
neg,wonder govern continu ban sale cigarett find risk smoke 
neg,grandfath die today vote believ said viru wors flu 
pos,trump want sue china canada sue usa
pos,real hero covid19 health worker even giveaway compens done human
pos,labour day salut offer unfett support dedic healthcar policeman frontlin
pos,one size fit plan dilemma state reopen without trigger new covid19 surg
pos,megan team congresswoman sheila jackson lee ummc provid free covid19 test houston resid
pos,share especi time covid19 pandem care
pos,call paper covid19 special issu jcom journal scienc commun 
pos,covid19 lead student loan forgiv social distanc till without complaint
neg,laura aunt die yesterday covid19 wife nurs icu autist daughter
pos,health care profess council establish temporari regist receiv final year student rang
pos,dear never mind captain cook long gone unlik case enough dist
pos, may need transpar want filipino conquer nation batt
neg,base today uk figur show peopl die hospit covid19 cautiou estim number
neg,govern demand hindu templ contribut ten crore chief minist coronaviru relief fu
neg,uk minist held legal even crimin liabl fail prevent death covid19 especi
pos,safeguard need day lockdown sierra leon provid food assist vulnera
pos,biko interview covid19 bless
neg,difficult read entir thread convict child predat worst kind releas prison
neg,great sad announc healthcar support worker afua fofi sadli die covid19 colleagu
neg,peopl unemploy get max pay per week anoth whop covid19 total
neg,leak western intel dossier reveal china deceiv world coronaviru
pos,infect commun infect keep commun safe must stay safe ge
pos,els understand import keep motherland safe arm forc kudo cd arm
pos,rubi dutton stuff thank one result hundr covid19 infect
pos,lesson covid19 life short job temporari health vital alway invest etern jesu
pos,borrow word talent import ever
pos,interest import read new england journal medicin
neg,today confirm number case total number death risen de
neg,discrimin parent also victim covid19 epedm get salari
neg,entrepreneur diari quick reflect covid19 impact march alon fundrais trip cancel
neg,pro lifer arrest give mom rose abort center covid19 news lifesit
neg,surpris cdc cut total number covid19 death almost half unit state
neg,dear professor stephen powi appal number uk death covid19 unfortun said
pos,support someon live dementia famili carer need advic websit provid guidanc
neg,nypd offic continu terror amid covid19 epidem want justic ask leader stand avenu
neg,break warren buffett say wrong invest airlin industri buffett ad airlin man
neg,open letter johnson migrant chariti etc warn peopl insecur immigr statu di
pos,gather larg unmask group nation mall watch militari jet honor healthcar worker risk
neg,cdc cut covid19 death total half review death report ad influenza pneumonia co
pos,salut medium personnel work tirelessli uphold valu fair journali
pos,travel face quarantin franc extend lockdown tourism franc repres gdp support million 
pos,salut forefront brave fight covid19 great gestur arm forc
neg,lockdown karnataka arrest kolar offer namaz mosqu polic book peopl
pos,best wish russian pm mishustin earli recoveri good health stand close friend russia effor
pos,want igbo focu se covid19 case zone sw nw nc ne se 
pos,chief nurs offic say measur place protect resid scottish care home covid19 
pos,chandigarh administr withdrawn relax announc yesterday ut plan allow
neg,left ok covid19 id card fight hard voter id secur elect
neg,seriou case covid19 increas day day situat risk life go
neg,india get ton medic suppli uae fight
neg,fr record death pain suffer poor soul rel
pos,hindu railway charg extra per passeng migrant worker special train fact fare paid state govt
neg,govern say download covid19saf app longer requir eas restrict sorri cynic
neg,stop follow covid19 updat stop tweet bad energi
pos,depart health report new case covid19 philippin bring total number
pos,heard would project covid19 end surpris fan definit ver
neg,callou monster peopl die due covid19 tweet approv rat
pos,break latrel mitchel sent home south head quarter covid19 test display cold like symptom
neg,public polici imper right adapt critic high contact sector covid19 risk viz food suppli chain
neg,tucker actual death rate covid19 via final start admit
neg,everyon know worst aspect nazi germani way forc peopl sit sofa watch ne
pos,uk must work nearest neighbour urgent noth brexit save life save
neg,covid19 reach peak two major risk factor thought make coronaviru deadlier catch
neg,dr richard horton editor chief lancet medic journal even damn handl covid19 cri
neg,let tri understand right pro life fetu elderli sick work class
neg,els eect bullshit said even top afford covid19 treatment
pos,let know may work nation engin polici centr partner support govern
neg,uk coron order exclud issu inadequ ppe inquest death nh staff kill covid19 tactic
pos,dad icu doctor treat covid19 patient past week set never seen heart rate rbc count
neg,market fall back china tension rise covid19 busi live
neg,tough time covid19 pandem follow check includ medit yoga ro
pos,real bill gate away camera mask smile gestur cuddli bear see tv
neg,poorest densest area monterey counti affect covid19
neg,appl googl ban use locat track covid19 contact trace app ensur user privaci prevent
pos,total number covid19 posit case india rise includ activ case cure discharg
pos,good news peopl continu recov covid19 glori god south africa recoveri africa 
neg,cnn blunt characteris uk one worst covid19 respons europ analys failur hap
neg,senior tori mp claim public will stay home covid19 repuls mp miss bom
neg,three russian doctor fallen window past two week latest dr aleksandr shulepov fell
neg,state count covid19 death correctli american peopl suppos trust count mail bal
pos,mayawati say govern unabl send home free bsp pitch
pos,day cross case india fare better countri contain covid19 viru
pos,choctaw nation fresh trail tear heard irish famin sent everi cent could toda
neg,extrem sad south america brazil overwhelm graf given longer test die 
neg,covid19 seem uniqu tough american foe rest world figur czech republ
neg,throw even zero covid19 death may vote trump person 
neg,appar journalist take tonic cure covid19 tout presid madagascar
pos,guardian report test sent care home carri yet everi singl one
neg,present govt learn someth go beyond polit doesnt matter state cong bjp ce
neg,airasia air asia refus cash refund cancel flight due covid19
pos,lago author hope har heal power music weekli concert outsid covid19 isol tre
neg,see outbreak misinform harm health advic hate speech conspiraci theori
pos,support patient age unwel coronaviru covid19 mental health learn disabl auti
pos,cyril talk populist talk ret brought covid19 well good next capit research
pos,emerg crisi onto busi street gridlock car traffic build citi fit
neg,professor research covid19 kill appar murder suicid offici say cnn
neg,italian leader slam fals covid19 number die way impos dictatorship
neg,sometim feel like cri keep fight peopl suffer
neg,covid19 shop despit ban awar corona close space infect
neg,littl surpris per mile spot market rate april sank freight movement stall due covid19 coronavir
pos,day honor health worker doctor nurs lab worker driver cleaner caregiv covid19 battlefront
neg,propos actual plea sever doctor frontlin covid19 new loss smell
pos,lucep cofound got featur inspir entrepreneuri journey help tackl covid19
neg,salut let recogn effort hard work contribut fight covi
pos,wa record new case covid19 overnight mean reach signific mileston wi
neg,dana white greedi prick care peopl die 
neg,trump tour mask factori without wear mask live let die play background actual ap headlin morn
pos,staff member work support student covid19 help help share eerienc
pos,thank recommend ye housebound great time learn german
neg,urg stop spread disinform china say recent accus trump administr covid19 pa
pos,great sad part covid19 stat
neg,nativ american health center ask covid19 suppli receiv bodi bag instead team turn ghost white
neg,time white nation burri thousand still suffer ever increas strain
neg,peopl number dead covid19 today
pos,nigerian home sinc begin covid19 pandem even lock relax causin
pos,join live session emin doctor india give answer question covid19
pos,govern need urg want
neg,miss univers catriona gray wednesday said decis shut ab cbn disservic filipino
pos,begin reopen data play critic role ensur safe built salesforc
neg,lost think go listen prime minist whose decis reason covid19 hit 
pos,difficult time mani right howev keen join help support mani 
neg,televis news paid tribut name photograph die covid19 six second would
pos,bc restart plan return normal hope care step toward real recoveri covid19
pos,dutch restaur test idea friend famili staff amid covid19 use small glass cabin dine waiter wo
pos,covid19 inform guidanc support teacher leader educ child
pos,uk youngest mp sack role carer covid19 crisi highlight pp
pos,qatar problem let peopl starv street long abl save money pleas tag relev
neg,heartbreak stori read internet today anti muslim carnag delhi father burnt aliv
pos,easi solut believ covid19 hoax go fun mingl peopl also sign waiver treat
pos,valuabl time money go effect commut abl give even better servic 
neg,covid19 case rise health ministri press brief today alreadi cut brief elimin
neg,taxi driver face charg attempt murder continu transport passeng test
pos,doubt power press recogn gov ron desanti handl covid19 florida excel fashion whi
neg,indian occup forc kill threaten men woman child kashmir use covid19 
neg,uncl die last night covid19 symptom wife aunt exhibit symptom well contact
neg,flu vaccin increas risk covid19
neg,knew could test get earli treatment live covid19 would like live bad fatal
pos,nat debt record job lost april unemploy highest sinc great
pos,congress treasuri go back forth tax guidanc implement trillion coronaviru relief bill
neg,remark stori admit possibl redact done error alreadi arriv 
pos,smile second best thing lip
neg,disgust yet anoth blow commun disproportion devast covid19 black
neg,stop suck covid19 make outgo call
neg,presid ramaphosa announc releas low risk prison parol combat covid19 correct
neg,took death peopl get face mask peopl incarcer new york state
pos,turkey minist industri mustafa varank three scientist reach anim test phase
neg,govern scientif advis furiou see attempt censor advic govern propos
pos,best hope next day zero covid19 case kerala leadership
neg,reveal uk scientist furi attempt censor covid19 advic
neg,rachel maddow slam gov pete rickett fail reveal go plant covid19 case elodin
pos,chubuik rotimi amaechi covid19 essay competit age year st prize
pos,code nh covid19 track app got publish yesterday seen sever tweet slightli dismay
neg,suspect covid19 prove much bigger problem russia cover
neg,peter piot mani peopl think covid19 kill patient rest get away flulik symptom
pos,meet dg central arm polic forc entir nation proud capf personnel contributio
pos,guy sinc honest know anyon got covid19
neg,ask shield order min no deliveri via spee
pos,lobbi hard govern issu face director relat measur announc support busi
neg,editor masala itp medium group lekha menon wish hm amit shah dy covid19 cancer bureau chief
neg,coronaviru lockdown migrant worker stage protest industri area surat
neg,loool outlook either geniu found fault test diagnosi covid19 nigg
pos,keep arunach safe made covid19 test mandatori everi person enter st
pos,covid19 total disgrac better stay home stay safe
neg,clear blame trump covid19 blame astonishingli inept respons diseas due 
pos,extens discuss covid19 pandem nation continu work togeth support the
neg,oh understand trend obama say end michael flynn case put rule law risk call covid19
pos,loretta mester presid feder reserv bank cleveland join discu tool polici
neg,nearli american die due covid19 work trump sit wh prais per
pos,dear god meet dr munyangi doctor behind madagascar remedi protect lord shield
neg,world popul america tragic distinct account pandem death far
pos,youth foster care surviv pandem especi difficult mani famili
neg,two covid19 death confirm kaduna
pos,impact covid19 pandem long last still proactiv make sure
pos,lockdown easi might help mental health gave thing ssocial di
pos,mom love giftcast celebr special day today send person video messag spen
neg,china presid xi jinp person request delay covid19 pandem warn daili mail onlin
neg,sinc ask mr presid hn kill american april april full month covid19
neg,truth come china fault fault trump ignor
pos,transit worker citi like new orlean seattl chicago lost worker front line keep citi 
neg,medium tri freak covid19 second wave know let shut economi forev 
pos,whilst stuck indoor contain health crisi great british taxi servic alreadi help ashor
neg,chile mine minist promot use copper fight
pos,post futur th anniversari schuman declar traine share thought futur
pos,new public flow physic covid19 avail via open access excel work team
neg,pleas complain store went ask wear mask cowork die covid19
neg,death top global afp talli
neg,accept death coronaviru yesterday peopl die covid19 highest daili death toll
pos,hon pm leav stone unturn protect support citizen difficult time leadership
pos,watch live press brief action taken prepared updat covid19
pos,hi nikhil due covid19 phone support current unavail connect support speci
pos,lucki enough gordon come next confer octob th well covid19
pos,light candl join vigil twitter pm aest tuesday may honour life overs
neg,new stori npr covid19 creat legal aid crisi fema usual respons miss
pos,standoff eastleigh nairobi resid covid19 partial lockdown picket demand relief food gov http
neg,northern busi reposit self war land peopl eastern region 
neg,hong kong four death covid19 case yet lockdown much longer
pos,today technolog help mani effort make world free covid19 salut forefron
pos,ok clariti somewher rang number infect covid19 uk
neg,man global warm fanat view human threat earth eliminat threat covid19
neg,regret inconveni kindli dm contact number assist due covid19
pos,wow white hous becom covid19 hotspot send thought bleach
pos,return work safe protocol design support employ worker put measur place prev
neg,question want death number go shutdown state think yo
neg,new issu epistem posit polit covid19 pandem essay critic engag glob
pos,rememb covid19 began spread like wildfir europ trump allow unrestrict air travel
neg,thursday may pm edt join convers combat
neg,today take look scope misinform covid19 danger eff
neg,gov reynold pois loosen restrict iowa post second highest daili death toll covid19
neg,trump administr cut fund coronaviru research jeopard possibl covid19 cure http
pos,dear world thank
neg,teach staff die covid19 april th england wale accord on highligh
neg,let put american die covid19 histor perspect
neg,think enter miss sa call zozibini tunzi twin zozi lite level south afric
pos,hous dem introduc trillion covid19 relief bill mcconnel slam anoth big laundri list
pos,ct scan mri behind ontario mind boggl number take year catch
neg,secur eert warn spike covid19 theme potato attack past two week
neg,dear dead arriv teenag daughter cash andi behrman lo
neg,lgbtq person go daili servic unwarr arrest abus human right abus
neg,new york state investig case inflammatori ill child may relat covid19
pos,thank lead playwright wggb member back launch guidelin today mo
neg,break dr fauci testifi covid19 death toll like meaning higher report
neg,let see popul million suppos covid19 death date ceo quit last
neg,januari fact warn covid19 go seriou base chines news develop developm
pos,keep regular sleep pattern exercis talk worri love one way ke
neg,donald trump put banner want rose garden chang fact fail nat
neg,blog post publish today dr erika martin emphas import lose focu 
neg,nativ peopl overal popul new mexico compris peopl state die
pos,help covid19 anxieti need right
neg,sign niaid priorit useless cruel covid19 research tell stop
pos,michael hummel share modern medium take unknown busi help thrive financi af
neg,fauci fraud birx complet differ page one financi incentiv like scarf
neg,still cri still mourn littl one mummi anymor cousin pay tribut railway wo
pos,wakf board aur institut ka incom aur deposit ka paisa millat ke relief aur chariti ke liy fouran istem karain
pos,bighit entertain take prevent measur coronaviru employe yanolja hous neighbori
neg,bother one non respons person listen call improv heart
neg,covid19 case death ebola case death trump murder american sure
neg,sinc ask mr presid hn kill american april april full month covid19
neg,latest ciera bate chamberlain famili member ventil glenn harston lost aunt famili member th
neg, industri nation univers healthcar insuffici work benefit stagnant wage poor unemp
pos,bravo student offer pro bono legal servic covid19 corp
neg,almost pa covid19 death occur nurs home long term care pa never
neg,combat infecti diseas respons feder govt involv polio polio
pos,smoke gun govt care home polici govt advic april patient may ca
pos,histori rememb wild reaction covid19 flu greatest econom boondoggl histori 
pos,remind great group help food need offer fantast support across maryhil springburn du
pos,eand circl keep tight say top doctor head long weekend
pos,kerala rock star health minist help save covid19
pos,fresh covid19 case delhi caus highest singl day spike nation capit health author
neg, face darkest winter modern histori unless leader act decis prevent rebound covid19 say dr bri
neg,reflect practic use time stress extrem situat uncertainti use right
neg,case racism hate crime xenophobia link covid19 increas worldwid human right watch callin
pos,analysi impact covid19 food logist market rise use multimod transport boost growt
pos,floridian stop travel well offici shutdown data show get mask cover gt
pos,current enjoy reduct pm matter figur accord
neg,unpalat truth go industri produc much world food disturb
neg,lompoc feder prison far district inmat covid19 paul manafort trump croni
neg,ft say peopl lost life uk covid19 per million stagg
neg,latest follow stori one person fell ill covid19 get santa rita jail wha
neg,well let agre disagre think anti foreign student full
pos,iu donat million citi gwacheon help low incom famili covid19 pandem
neg,miss assist director speak panel mornin
neg,fight covid19 pandem could herald rise superbug
neg,american pilot die plane malfunct way deliv covid19 rapid test kit remot indon
pos,look like covid19
pos,consensu emerg outlook post opportun strengthen 
pos,look like covid19
pos,brilliant stori recov covid19 run long way chariti
neg,drop union membership recent decad worker activ see resurg covid19 continu ravag 
pos,alway vulner resid frail live commun problem care home face properli
neg,covid19 stop move forward set europ
pos,kati perri donat covid19 relief
neg,blame nrm mafia regim think outdat brain close border
pos,tonight interview cnn talk new campaign support covid19
pos,china countri viru origin pandem allow spread refus share inform
pos,dynam syndic day adrian covid19 style may quit week sinc ha
neg,pictur share heartbreak gavin robert funer dad charl rob robert
neg,april scientist stanford post studi suggest death rate covid19 much lower prev thought
pos,chines doctor wlhat mission invit true spread infect
neg,peopl die hn call obama incompet peopl die ebola
neg,child rais slogan kill modi rel cure covid19 discharg hospit indor inst
neg,trump fire pandem respons team today world popul world
pos,march launch undocu worker fund support famili affect pandem exclud govern
pos,yogi adityanath popular soar among bihar migrant amid covid19 clearli handl migrant issu
pos,everi front line worker must respect say kashmiri doctor save covid19 patient risk life dr 
neg,break corneliu haney releas april colorado prison due covid19 arrest murder year old wo
pos,support tactic new nation trial excit studi look immun
pos,privileg look like month push doj releas certain low risk vulner peopl
pos, word think make joke covid19 peak humor
pos,yeah struggl make found ma
neg,must miss nation coverag state roll back covid19 death number initi misrepo
pos,eboni hunter pediatr emerg medicin physician say becom protect other
neg,russia ask googl block articl question countri offici coronaviru death toll
pos,tackl covid19 jacinda ardern approach like success hedg fund manag would like someon understan
neg,week ago senior iranian regim offici issu order peopl return work despit warn low
neg,behind everi covid19 death famili commun never behind everi unemploy claim li
neg,world contest daili confirm covid19 death per million roll day averag may
neg,blame human be kill covid19 fate disgust deflect yet
pos,bangkok shopper flock thailand top end mall sunday main downtown shop district central world tou
neg,wh undertak effort rehabilit donald trump imag eras endless video tape grave erro
pos,thank pandem fought collect time alway
neg,doctor found mani filipino die caus look like covid19 never confirm th
neg,bloodi hell go gunaw makwana year old covid19 patient admit ahmedabad civil ho
pos,along way elain buridan as dy ulyss grant success civil war gener
pos,good cannabi therapi game establish strong scientist elor cannabi extract
neg,covid19 crush renew
pos,alan twofoot serv armi year leaf behind child grandchild ok
neg,look problem covid19 bring like almajirci oil price go lost job kwankwaso tri 
pos,check drive church california usa due covid19 like respond hallelujah
pos,covid19 lockdown need move faster relief split tourism sector via
neg,mani peopl test posit covid19 hospit pack peopl fight
pos,greatest global public health crisi centuri world health organ support countri
pos,never america allow forc suspens freedom name fals secur believ
neg,ireland number compar european countri similar popul shock death seven countr
pos,behalf ontarian send best wish majesti queen offici birthday canada let 
pos,given current challeng intern travel cricket committe recommend local match offici
pos,listen dj need come heat outsid open tri danc like kin danc floor
pos,thing well cop test posit anantnag district also five doctor
pos,today pleas help give back affect covid19 haitian commun preorder plate simpli
neg,corona viru covid19 weapon use human get reach actual potenti
neg,say prayer doctor nurs paramed healthcar worker frontlin warrior risk
pos,america decid covid19 let see play guess
neg,gold price turn lower stock market ralli covid19 vaccin candid
neg,trauma disabl often exacerb exist creat new mental health issu person
pos,number taken day global covid19 number go gt twelv day
pos,new best practic layoff covid19 pandem
neg,letter nobel laureat warn arrest two ian student amir ho
neg,test trace recruit peopl signific number doctor nurs much doubt
pos,govern minist right boycott pleas retweet vote greater sampl
neg,deserv everi lawsuit come way counti zero case last get covid19
neg,wear mask sign privileg mean even pandem thousand peopl die ha
pos,pray lt covid19 gt
pos,presid say take hydroxychloroquin protect covid19 even though shown comp
neg,need know today brazil epicent avoid curv continu grow
neg,nigerian live nigeria poor shame peopl twitter like live collect poverti
pos,rev sharma nithyanandam bishop vellor church south india reflect church infus hope
neg,covid19 distract socialist aoc nasti nanci mad maxin continu strip american const
pos,call email messag facebook enquir refund holiday miss due
neg,chines regim ramp effort tri steal research america use colleg campu
neg,watch dozen protest demand food aid amid covid19 lockdown clash polic outskirt santiago chile
neg,queston day kind person would mandat nurs home take covid19 patient thousand death 
pos,tree knowledg intern corp announc launch post covid19 commun care program
neg,kill medium go anti hcq panic mode trump say take drug fend covid19
neg,student thrown limbo eerienc concern defer becom real option
pos,care somebodi hous seem get take hydroxychloroquin
pos,thank god safe neg covid19 keep safeee
neg,covid19 pandem led lifeway make number difficult decis anticip presid ben mandr
pos,provok outrag nh care worker cleaner scheme famili migrant nh 
neg,covid19 shock american consumpt dramat furnitur electron applianc clothi
neg,never heard covid19 would honestli notic differ flu season
neg,mental health loneli domest violenc child welfar addict govern polici pay enor
neg,fed trump embarrass behavior wake covid19 crisi fact check sourc tha
neg,trump bizarr promot hydrochloroquin way stave covid19 wors crazi demonstr danger
pos,eect launch nd special call name eress interest innovat
neg,life lost govern mandat econom shutdown need acknowledg governor beshear po
pos,hey folk superhero particip event event happen good caus get rid covid19
pos,covid19 pandem respons better like dutert retweet robredo
neg,covid19 halt anti govern protest tension simmer hong kong lawyer author elain
pos,texa doctor ivett lozano prais presid trump advic treat covid19 patient due advic
pos,ask support healthcar worker fight covid19 answer simpli reach simpl check text
pos,support covid19
pos,commend australia leadership achiev much need investig covid19 origin keep peopl safe
neg,sweden covid19 death per caput europ last week report thehil
pos,great news get covid19 test free citymd nyc uninsur problem appoint walk
pos,ebc help covid19 front liner homeless peopl commun affect give food
pos,truth blueprint manag pandem implement lockdown 
pos,pandem go feel like sometim world danc revolut mani arrow follow
neg,anoth democrat governor anoth nurs home scandal virginia still know northam refus an
pos,virtual group meet commun covid19 help reassur patient
pos,assign tembisa hospit prof anton stoltz one top infecti diseas eert guest
pos,anoth huge thank north chariti north east north cumbria suicid prevent network grassroot fund
pos,nearli million work mcconnel want benefit stop anyway
pos,interest comment detail hong kong regist singl death covid19 care home whi
neg,trevor bell year old taxi driver london die covid19 day passeng told vir
neg,nobel winner attack lack british leadership covid19
pos,solut help pre reg independ sector week
pos,today gave care packag feed famili affect covid19 pandem majengo area ensur
pos,slipperi slope start way abort go safe legal rare
neg,peopl uk call covid19 say shit go
pos,hair salon close due covid19 three set new volum strength shampoo condi
neg,protest day anti work class anti peopl action goi covid19
neg,rate ischem stroke covid19 infect low stroke sever deadli thu low
pos,move fast break thing work nhsx listen free hsj latest podcast health tech respon
neg,yoooo professor clutch fuck covid19
neg,year old fatal rate covid19 roughli one million open school 
neg,million risk life livelihood first respond front line worker said collin billi
neg,highest infect rate africa death case yesterday djibouti anoth il
neg,current covid19 death report clearli caus case
pos,coronaviru test avail corbi bank holiday weekend appoint anyon age five
pos,uddhav ji kindli allow day home quarantin day hotel quarantin co
pos,legisl seek make sure peopl safe infect covid19
pos,use freedom religion argument demand cart blanch demand open religi venu proffer falla
pos,turn year old beat elderli man nurs home detroit care worker
neg,fairfax counti health depart respond request nurs home longterm care facil death covid19
neg,mad shopper got two thing ask respond messag wa
pos,lesson learn pandem appli context climat chang join onlin discussi
pos,clear statement made presid bodi call nccc taken critic decis respect
pos,serum institut world largest manufactur vaccin volum work sever candid novel coron
neg,chanc die percent far world health organ global mortal figur
neg, suspect arrest special patrol unit spu offic north modderfontein rd reckless neglig
pos, volunt fine work covid19 time pune help health worker messag contain zon
pos,believ trump say safe take medic still get coronaviru
neg,day th war covid19 continu
pos,watch small cap need boost covid19 via
neg,revsir covid19 global threat modern time thu new approach union therapi propos co
pos,genovia report singl case covid19 true leadership look like
neg,devasthanam land sold away direct contravent sthala purana high time stop
pos,hello let share one peso le fortun one peso would mean lot
pos,dear hope enjoy see parent seen mine week hope child enjoy se
neg,morn joe plan sunday edit new york time devot front page covid19 dead al
neg,eid mubarak everyon pleas forget say prayer one suffer covid19
pos,gop gov desanti protect senior florida went
neg,peopl die car accid wear seat belt peopl die cancer push earli detect
neg,grow evid suggest covid19 infect like ill relat prolong time eed viru
neg,covid19 show school friend shit realli show
pos,dear philippin govern normal type cap look sordid unorgan irritati
pos,suicid research clear australia need urgent action address covid19 fallout ian hicki
neg,dead trump play golf unemploy econom plan lie day lie day
neg,donald trump tout hydroxychloroquin miracl cure covid19 spite medic warn
neg,remdesivir acct trial appear speed recoveri patient perhap lower day mortal 
neg,peopl chicago die week covid19 relat gunshot wound vote mail
pos,best onlin technolog busi best mall best store musn fo
pos,wow cdc revis mortal rate symptom tricki word includ peopl without sympt
neg,inmat releas earli due covid19 arrest attack woman hike trail exampl danger invo
neg,washington state classifi sever shoot covid19 death wa state epidemiologist admit classifi som
neg,anyon say quick judgement cum broken rule extent first
neg,cousin mine pull life support tomorrow suffer multipl stroke due complic covid19
pos,agre add japan pm abe other list wear mask protect covid19 micr
neg,eect believ america flu death year sinc everyon die covid19
neg,ice detaine die covid19 suffer horrifi neglect
pos,natur send messag say tell need heal planet want hea
neg,news philippin worldwid child pornographi peopl rape per day amid pand
neg,presid trump warn congress covid19 democrat impeach shut flight chin
pos,evid show cloth mask may help covid19
neg,oh death happen nurs home dr acton oh dept health said nurs
neg,follow covid19 locust attack bad year
pos,eir med much ward stock month date covid19 patient allow wander neg case covi
neg,today covid19 death unit state america pass mark dead viru
neg,trump team kill rule design protect health worker pandem like covid19
neg,set blame spread covid19 distract deliber failur gover
pos,good discuss presid measur adopt india austria respond covid19
pos,covid19 left thousand isol got think could help write letter
neg,tuesday strike oakland come le week mcdonald worker citi went strike protest
neg,know mani black bishop clergi cogic die covid19
pos,month ago one close confid seem set tri identifi share 
pos,fun fact stori everi singl part alarm
neg,presid cyril ramaphosa lost complet control south africa rant level sa covid19 ar
neg,news new seven deadli sin tv anim delay due covid19
pos,hous offic district headquart hospit faisalabad say patient sever symptom like short 
neg,news due covid19 taken difficult decis postpon major product fur
pos,italian produc union strike agreement covid19 product protocol via
pos,like said month ago vaccin develop antivir manufactur polit nation obtain bui
neg,french govern cancel decre allow hospit doctor administ hydroxychloroquin treatment pati
pos,temporarili make articl free read june elor addit way
neg,greta incorrect flu death record death actual caus flu covid19 death
neg,today pm mst flathead counti agenc age talk hunger montana
neg,fascist regim propaganda fail american distrust info chines govt abt
neg,sweden subject critic relax coronaviru strategi countri covid19 death toll nearli
pos,best friend fur tail
neg,advoc prison call decis exclud case problemat rais concern move could
pos,hear player rover dundalk boh derri neg result covid19 test great
pos,kerala ajith fan district committe honour covid19 fight health worker distribut wate
pos,june certain shop across england reopen updat guidanc help reopen safe full guidanc
pos,iit gandhinagar develop interact dashboard name mir ahd covid19 help administr hospit pub
pos,event talent career organis two special help student critic time effect
pos,widespread outbreak meatpack plant highlight need stronger measur protect worker
neg,platform doctor told hold togeth other screw said engin
neg,uncl die cancer certif state die covid19 question accuraci
neg,anderson cooper shame obama play hn flu se
pos,report leadership well research avail lot
neg,insult least peopl die covid19 uk govt abandon commun test proper test
pos,today watch cllr discu citi adapt renew covid19 third parti grant additio
pos,trump act faster social medium covid19 lmao embarrass
neg,covid19 almost made forget real viru america
neg,see laugh mendac ineptitud excess death amount
pos,feu advoc join nation commemor begin may june tri time
pos,new foundat help broaden agenc donor base
neg,astonish hot heel newsnight come govern liter use money pay
neg,break death toll covid19 america reach life democrat medium pounc
neg,asian american passion speak xenophob attack begin covi
pos,texa suprem court lack immun covid19 alon enough vote mail big win
pos,new analysi sequenc data suggest current covid19 outbreak spark mid feb well provid insigh
pos,got email amazon pr team pre edit news stori script run show sell
neg,karl anthoni town lost mother due covid19 outsid demand justic murder georg floyd eve
pos,nih covid19 treatment guidelin panel panel recommend use ace inhibitor
neg,kill polic told fault kill covid19 told fault live 
pos,canada commit multilater drive candidaci innov financ
neg,american dead american citi turmoil death georg floyd presid
neg,jenni stejna spent two week fight life covid19 massachusett nurs home recover
neg,name belli mujinga black woman got spat cough die covid19 got murder
neg,school close teacher lose job due covid19
neg,daili infect england high level incid make lift restrict riski
neg,jump knew trump go bad never ever thought would bad shit cata
pos,dear client restrict begin eas slowli open door implement prevent
pos,ny bar associ want ny child pharma lab rat new eeriment vaccin even though cv im
neg,presid trump cut tie due death destruct caus covid19
pos,black men stay loyal partner find cure covid19 black men
pos,covid19 start lessen number yet rise go one long outbreak 
neg,time call kenyan polit leader fraud declar curfew covid19 demand
neg,somber day rememb die covid19 far thursday digit versio
neg,urban cluster becom worst covid19 hotspot need reimagin model urbanis
pos,regardless professor say peopl care home vulner peopl
neg,mass gather prohibit due covid19 except antifa want start riot major american citi
pos,trump care world health even care health peopl elect 
neg,doubt coincid populist least regard tr
pos,need new emoji like one twitter jail sanit bottl bio hazard suit lot emoji
neg,belli mujinga die covid19 spat man claim infect must face crimin charg
pos,greet project life covid19 trade hre 
neg,updat got permiss fuck yeah cop push hard barclay flung back tini
pos,reuter lorrain sullivan irish pm say good chanc social distanc rule relax 
neg,australia fire covid19 lot thing cancel footag ufo cop choke black 
neg,today would anti cruelti societi th bark park due covid19 move park hea
pos,sinc similar event cancel due covid19 protest dress cosplay super
neg,student onlin learn due covid19 howev easi get distract one avoid 
pos,ye mani live concern larg number
pos,protest caus huge spike covid19 case major citi
neg,note particip particip protest may also consid get covi
pos,love read get compli polic repli folk thought covid19 stay ho
neg,hey rememb realli paranoid contact trace silicon valley app peopl push track 
neg,hous democrat lead voic fight progress nationwid commit fight injustic wherev
pos, work acut adult care covid19 ward march april gradual slow
neg,one guy room suggest get rid problem muslim covid19 patient ek inject lagwa dijiy 
neg,tori govern punish london right thing covid19 stay home increas
neg,hey mani app use normal workflow use stuck home ple
neg,india peopl driven fight covid19
pos,got polic pull eensiv as gear give nurs like mother proper ppe take care covi
pos,english tourism week urg disappoint enjoy citi attract go onl
neg,although covid19 pandem delay jabari grassroot effort also open pocket opportunit
pos,remain peer pass inform help ee domin cum alleg covid19 breach
pos,must muster vigour equival polit bounti energi see ba
neg,la suspend covid19 test one blatant act biolog warfar peopl color ever seen
neg,survey conspiraci theori fascin disturb uk adult think withhold secret covid19
neg,sad news note singer sonu nigam confirm music compos wajid khan sajid wajid pass away short whi
pos,updat aunt stabl shot rubber bullet snipper top build eye cant
neg,la suspend covid19 test protest chicago school stop grab go meal child due
neg,airlin hotel go work hard get busi travel back imposs busi
pos,magistri clear covid19 man englandena
neg,press releas sampl test may confirm new covid19 case case among sampl test po
neg,updat russian health minist say countri infant mortal rate hit histor low
neg,covid19 new infect death
neg,mani thug riot prison democrat releas earli due covid19
pos,bill import urgenc mass test mani thing help fight covid19
neg,confirm case african contin recoveri death 
pos,care patient covid19 unit approach hospit
neg,believ riot season alreadi still covid19 decor
pos,health offici brace like second wave covid19 offici world health organ hold brief
neg,tyson food inc biggest meat processor return pre covid19 absente polici includ punish
pos,smart citi advoc see covid19 polici opportun chang austin austin monitor
neg,cure covid19 alway wors diseas nation pay heavi price quit time 
pos,new star around world petit brazilian presid jair bolsonaro protect indigen peopl covid19
pos,continu help healthcar facil local commun thailand thank ongo
pos,freelanc relief fund help
pos,nakd australia open covid19 case drop dramat start look like multi day beast lo
neg,human finish fail drastic chang food system respons coronaviru pandem
pos,want eras legaci shut nsc pandem
neg,mr presid cours seen shit job done moran doesnt se
neg,moneybal pro cancel
pos,covid19 test avail new yorker test safe free confidenti easi also critic
pos,bori johnson today stood parliament said proud record covid19 uk le
neg,citi austin cancel juneteenth trash allow peopl go bar zilker
pos,adderal sharpi pick believ rumor best yet
neg,challeng lift restrict lockdown suppress transmiss reduc number peopl infect chang
neg,rememb covid19 take week two week incub let medium fool say new ca
pos,get valuabl inform age well colleagu covid19 specia
neg,woman enggag lot men never trust lover final
neg,covid19 danger even visit love one hospit even die hosp
pos,respect today memori servic georg floyd minneapoli est hold press brie
neg,help analysi donald trump mere apotheosi grow disdain among republican
pos,heel studi show hydroxychloroquin help patient hospit covid19 new studi first
neg,sourc death arizona depart correct staffer due covid19
neg,innoc proven guilti pero dito sa anti terror bill guilti prove innoc
neg,bad news everyon involv georg floyd infect covid19 autopsi reveal
pos,contact nh advis isol day must even
neg,autopsi reveal test posit covid19 april recov suffoc death knee
neg,welcom file charg involv kill winston rago time end impun br
pos,hand wash soap remain one effect cost effect mean prevent covid19 read belo
neg,one chennai abl knowledg lawyer mr venkataraman known team madra hc die today due co
pos,build global resili respons toward covid19 way forward join discu afri
pos,faceless busi print share selfi day creat poster ask
neg,sensit clear persuas argument lead caus excess death record covid19
neg,battl covid19 race war sexual assault time must say lot
neg,realiti check state carbon emiss amid lockdown lot need done curb climat chang spite
pos,richest american given wealth covid19 relief given noth biggest donati
pos,said modi regim want chang muslim major statu occupi kashmir take advantag covid19 lockdow
neg,thing new york suspend habea corpu realli whole thing nutshel law say govern
neg,militari sieg multipli suffer kashmiri amid outbreak covid19 indian troop inten
pos,singapor parliament pass fortitud budget th packag govern measur design protect eco
neg,took day protest realiz mayb protest acceler spread covid19 agai
pos,thunder thought ppl find quit interest project graph covid19 pandem india india
pos,eloit benefit call christian valu life joke
neg,saw news orang moron visit factori main produc covid19 test kit everyth room
pos,yesterday nypd sought grant right arrest anyon hold hour crowd 
pos,oh alright inform could take sinc covid19 go got mine
neg,three posit person die person test covid19 posit today
pos,physic distanc face mask eye protect help prevent person person transmiss evid show
pos,find told nh test trace servic contact someon coronaviru
pos,pleas help save busi black own ice cream shop locat silver spring md deni assi
pos,employe dcc bank vijayapur proud hand littl contr
pos,ontario record spike number new covid19 case provinc surpass infect htt
neg,premium tear kenyan react uhuru extens covid19 restrict
pos,provis made extra secur protect vulner covid19 within hour
neg,watch even gather ralli anti terror bill protest made point observ health protoco
neg,ahmedabad report new covid19 case death total case count fatal health offici
neg,also covid19 confirm test sixteen suspect case came back posit case ibadan south
neg,present covid19 movi go die racist end
pos,wonder lem tri kick back relax web surf host network connec
pos,serco win covid19 test trace contract despit fine
neg,taxi driver stratford spat die covid19 back may rip trevor bell say name
neg,mani famili peopl commun color struggl pay rent amid covid19 senat mcconnel
neg,inhibit bruton tyrosin kinas patient sever covid19 scienc immunolog
neg,texa see record uptick covid19 case protest continu
neg,remind speaker nc hous thom tilli pass law block medicaid eansion brag
neg,sorri reason pandem rage irrespons behavior peopl ignor scienc
neg,pleas take vaccin sure covid19 gone sinc start race war
pos,american worker help slow spread covid19 deserv news last month ad million leisur hosp
pos,pa cv free covid19 test la locat burbank drive thru other well
pos,save peopl inhuman child separ famili live sleep cage eed covid19
neg,first impeach covid19 riot fail guess tri next realli mat
pos,hope touch statement made arlen foster podcast irish
neg,scotland northern ireland record new covid19 relat death
neg,angela merkel declin trump invit cite lack precautionari procedur prevent covid19 infect
pos,read gay pride festiv area cancel year due covid19 everi cloud silver line
neg,like call doctor around world say covid19 may lose
neg,peopl die covid19 yesterday pleas wear mask public maintain social distanc ea
neg,fatal exceed citi deputi health minist covid19 death toll may reach
pos,brazil covid19 data like viru becom invis
neg,american approv trump death covid19 million unemploy tear gass peac protest
pos,austin artist musician fill applic relief fund super quick hit question
neg,protest definit get test covid19
neg,everi turn presid trump ignor eert downplay threat covid19 pose misl american peopl
neg,wish would stop say covid19 fake disrespect peopl still mourn love
pos,success household sme applic submit account detail cbn nbn covid19 target credi
pos,isi al qaeda could profit covid19 commun sahel deal lockdown aid shortag
neg,folk look forward lift restrict bear mind govern announc run spac
neg,rubber bullet whose veloc match live ammunit estim fatal rate higher
pos,huge news began februari long covid19 shutdown began inact ineptitud
pos,good learner would make friend great woman leadership
neg,stop let gop push fals narr economi boom covid19 alreadi recess
neg,cleveland tv legend dick goddard covid19 daughter said facebook monday keep famili
pos,will protect oce
pos,pray god allow come home th circuit consid realiti winner eedit
neg,rememb two month ago wh tout model project covid19 death top
pos,doctor world need pleas join
neg,covid19 jare graduat cancel jare met momma
neg,univers washington forecast covid19 death august
neg,black peopl die rate white peopl least peopl die would still
neg,want pay tribut peopl lost life due covid19 pandem amphan shri
pos,tonight resum report corrupt ministri health procur covid19 good report
pos,sure pandem pa begin move countri easi forget hur
pos,huge wall street journal analysi found across countri viru spread wide place cr
neg,scrambl conserv cash cut cost 
neg,want pay tribut peopl lost life due covid19 pandem amphan shri
neg,correct gave incorrect death rate oz covid19 sorri certainli quarantin lockdown effect swe
pos,would want know work hous hous next test covid19
pos,care covid19 patient home
pos,fact serco lead test trace proof proof need success govern past
pos,interest studi still believ start china freez report viru sp
pos,intern council nurs icn compil data gt countri statist howard cattin icn ceo
pos,updat texa report record number patient hospit coronaviru third day row da
neg,get test covid19 protest
neg,odd anitfa insurg happen covid19 lose steam odd covid19 happen mome
pos,geo senior produc attend sheesha parti friend day ago pictur twitter friend ca
pos,sorri insan right canadian govt creat covid19 grant convolut constantli chang
neg,medium stop spread disinform instead concentr burst myth relat covid19
pos,health ministri roll home care guidelin covid19 patient ca aman say pc posit case kenya
pos,join session host webinar result local govern covid19 surv
pos,relax day limit prescript drug pharmacist work hard manag drug suppli
neg,notic news shorten coverag protest tri shift focu back rise covid19
neg,covid19 spread enenti death rate increas pti govt sure use everi trick book shift
pos,work hard behind scene abl open monday th june safe way new setup detail
neg,despit rel low number case africa train health worker deploy eert deliv
pos,thank hon ble cm maharashtra shri uddhav ji inaugur wipro repurpos campu bed covi
neg,applaud fight corrupt loot public fund go zimbabw cruel evil
neg,static releas covid19 risk assess chart announc interact dashboard provid real
pos,publish market analysi page report cover mkt size growth
neg,suprem court take suo motu cogniz report improp handl covid19 patient undignifi dispos victim
pos,tour would possibl without amaz crew work tirelessli behind scene help set run everi
pos,got free covid19 antibodi test donat blood day ago got result today neg
neg,dear librari still close arizona covid19 case rise return ill
neg,catch covid19 die
pos,follow everyon like tweet follow back catch eventu
neg,new case covid19 report ratlam madhya pradesh aslam baba die covid19 use cure peopl kiss
neg,lockdown restrict peopl funer curb spread covid19 coronaviru cut cost bereav fam
pos,alway interest talk royal high danish crown princess import safeguard sexua
pos,one graphic design student georgia put love sweet graphic skill entrepreneuri talent togeth
neg,ga report key takeaway bcm demand drop bcm perman demand loss due covid19
neg,least health worker mani involv covid19 respons argu protest racism polic brutal
neg,zimbabw petit get obadiah moyo fire prove involv loot public fund mean
pos,brilliant video put togeth hand learn look like univers fal
pos,perhap fact guy think need militari grade protect public need protect oth
pos,today mark day sinc countri first covid19 patient return holiday trip itali ca
pos,chang imag report put sketch maulavi like put imag
neg, mask reus gown dire ppe shortag reveal covid19 racial divid
pos,sadiq khan play medium narr truth blm protest peac
neg,one note rnc announc trump accept gop nomin jacksonvil florida broke record
pos,keen know truth covid19 think rare case peopl cure return 
pos,everyon els free move around go beach dine outsid govern extend 
pos,result ongo challeng present covid19 promot azerbaijan singapor japan ha
pos,patient treat wors anim sc rap handl patient
pos,baron tick box come stay secur covid19 make sure
neg,kindli stop harass paren
pos,lockdown extend said chief minist friday appeal peopl
pos,dr muffaz lakdawala ace design dc design covid19 special ambul
neg,govern ignor warn stockpil ppe covid19 spread
pos,cr janta covid19 test lab peopl million test test per day pray
neg,artist vic mccewan write artist surviv troubl time articl momentum covid19 pu
pos,want say britain futur want hear mani eerienc possib
neg,indor male nurs rajesh aswara overcam covid19 say want help other combat remov fear mi
pos,spoke prime minist thongloun sisoulith commend effect manag covid19 lao pdr also review
pos,laugh posit test shahid afridi covid19 human diseas bound
neg,american peopl kill day day without wear mask public area even
pos,covid19 good effect life line human take drastic measur annual arl fra
neg,cdc dare warn american may introduc strict covid19 regul spike case say fuc
pos,covid19 ravag countri listen govern prefer save economi life
neg,fire florida top coronaviru data scientist launch websit show covid19 inform state would
neg,prophet muhammad directli address two biggest issu time diseas covid19 racism diseas tol
neg,look mayor queenstown new zealand bunge jump celebr nation eas covid19 lockdown restrict 
neg,oh protest covid19 prioriti see democrat 
pos,woman repres migrant worker play import role health servic ee covid19 ar
pos,serv serv heart find quest give get life bless
neg,test avail ohioan even low risk asymptomat find test site nea
pos,misbah ul haq eress best wish toward former team mate shahid afridi
pos,page omit report govt omit seven recommend protect bame colleagu
neg,chaz peep gon na prove covid19 bullshit
pos,recov corona allah bless new life gave chanc make life valuabl
neg,sad learn death mna ch noor tanveer nephew due covid19 today may allah rest depart soul peac
pos,trump gop mnuchin promis help worker big small employ close economi nd wave
neg,minut silenc observ ahead match memori victim covid19
pos,thank republ burundi assist get highli need medicin mother period uncertai
neg,covid19 worst diseas process ever work year icu nurs say recov
pos,pore govt creat job help worker cope covid19 impact chan chun sing
pos,good news covid19 thailand found case insid countri month alteadi
neg,prison releas earli riker bc covid19 concern arrest time sinc take look
pos,new zealand welcom back sport fan countri new covid19 case three week via
neg,sign petit demand state offer onlin voter registr respons covid19
neg,lo angel lead attorney mike feuer warn emerg scam involv contact trace imperson
neg,someth know report stori california use prison labor clean isol cell peopl
pos,rapper scarfac recov month covid19 diagnosi glad aliv fox dc
neg,new covid19 case tulsa counti spike highest level sinc pandem began health depart dire
pos,gov roy cooper sign law legisl provid money help run north carolina elect safe secur
pos,make differ pamdem recov covid19 donat plasma save anoth life
neg,almost bori johnson tri distract attent uk highest excess death rate wor
neg,miss mobil covid19 test centr mississauga first time visit meadowval commun centr friday jun
neg,covid19 breakout subsequ restrict led brand shift toward influenc market bw businessworl
pos,report wealthi trump donor get million relief meant small busi administr refusi
pos,covid19 realli social safe
pos,health mutahi kagw announc new covid19 case test sampl total number rise http
neg,today workmat die week wife apart come work noth social distanc
pos,wow almost mask wear good two infect missouri hairstylist wear mask none custom
pos,biodivers conserv africa close link poverti reduct human well post recov
pos,delhi lnjp hospit review prepared relat covid19
pos,major music sector reliant govern support get challeng time governmen
pos,june issu aami news avail highlight special appreci issu includ devic manufactur
neg,fill church portrait die pandem use broadcast homili
neg,rajneeti news russian citi cancel victori parad en mass fear covid19 still loom kremlin say und
pos,hey thing help friend spread word
neg,deepest regret announc anymor special advis nation advis covid19 effect
pos,yea unbeliev journal like man recent lost mother covid19
neg,got cancel speak climat chang reform event past tweet link covid19 countri
pos,brief messag monsta mention black life matter movement covid19 frontlin appreci
pos,recommend improv effect multi agenc respons covid19 respons part
neg,guess someon help bitter ooz
pos,vumc doctor respond first life save drug found combat covid19
pos,speaker pelosi say strong bipartisan support get tough platform wake pandem call adver
pos,covid19 patient remain intens care across spain valencian commun oliv press news spain
neg,four nun die within space week covid19 mother hous convent mthatha eastern cape
neg,though gener primani turn back problem state maryland elect day
pos,covid19 africa perform better eect
pos,judg order trump administr give tribe covid19 relief fund
neg,report firstpost other surround bodi start shoot indiscrimin crash loud 
pos,keep read hear nh covid19 trac trace app call nh app complet di
neg, right compar tulsa ralli recent anti polic brutal protest folk 
neg,flu shot act like primer track vaccin statu factor see
neg,cnn announc peopl die covid19 result attend trump ralli tulsa come sa
pos,covid19 case growth number hospit concern much concern trump penni indic count
neg,trump claim china cover covid19 case wtf peopl think trump america lose worldwid 
pos,govern award million tender fix beitbridg border fenc zimbabw south africa meant
pos,import case covid19 report arizona today pleas keep famili safe alway wear mask 
pos,healthcar guidelin disclos protect health inform le provid
pos,mayor around state want understand someth viru infect rise hospit capac
neg,daili new confirm covid19 death per million peopl jun
pos,great review sever covid19 team
pos,frontlin health social care worker highest prioriti vaccin vaccin covid19 
neg,wealthi republican make ton corpor sell flu vaccin vari
neg,record coronaviru case today take state total toll rise new death
neg,covid19 test treatment vaccin must free point servic percent cancer 
pos,post talk enough peopl respons spread covid19 gl
pos,good morn sandit excit let everyon know clear return work out monday
neg,latest pima counti covid19 summari case death
neg,project florida assum take step limit spread covid19 holi shit bad 
neg,news know tweet lot fear regard shame covid19 pandem wan
neg,kentucki use covid19 excus slash poll place tuesday vital primari defeat
neg,pleas rememb book test covid19 symptom fever cough loss tast smell fast simpl
pos,support trump bill gate financ soro money go wuhan lab fauci
pos,bet protest hold pua benefit turn way start
neg,peopl fall ill covid19 other infect viru eerienc symptom hm geneticist aim
