,text,class,prob
0,call leader help protect refuge covid19 provid qualiti health care,pos,0.7962236169975001
1,ogun state support cbn nirsal covid19 target credit facil tcf,pos,0.7277090997925625
2,polic offici base namahadi polic station busi drink liquor certain tavern whilst duti,pos,0.7124613029056869
3,taiwan vice presid chen chien jen countri fight covid19,neg,0.2593882659995974
4,break new york woman symptom die last week prescrib drug cocktail known ,neg,0.1969418074942149
5,doctor friend deliv babi crisi told interest data larg nyc area hospit,pos,0.767046131624189
6,covid19 attack almost anyth bodi devast consequ feroc breathtak humbl,neg,0.24797462768463138
7,prevent key know simpl step take today protect,pos,0.746903318469558
8,wallac pelosi also downplay covid19 presid underplay threat earli day speaker pel,neg,0.24494765814001587
9,iphrc condemn unrel viciou campaign malign muslim spread,neg,0.2982248753256834
10,le british peopl kill day circa time number dead uk covid19 ne,neg,0.19762010247624093
11,treatment mortal rate track destroy medic system given flu season ,neg,0.1831272562207045
12,mila launch quarantin wine profit go covid19 relief effort,pos,0.750348908851466
13,covid19 alberta doctor slam provinc shoddi mask,neg,0.29908607708255724
14,touch funk akindel releas statement import maintain social distanc fight aga,neg,0.29310377006639765
15,let get straight conspir china mislead covid19 trump threaten defund provid,neg,0.2826556567139979
16,know covid19 hoax set nwo asleep sheep follow anyth medium tel,neg,0.30843781799159187
17,nation treasuri respons covid19 pandem cut across sector health water etc far ksh di,neg,0.3017287710079354
18,produc set resourc design use school parent carer support home lea,pos,0.7406387858909418
19,casino open lawsuit covid19 cluster trace,neg,0.2806150706204556
20,covid19 diabet man dy lack food medicin delhi quarantin centr moham musthafa resid coimbator,neg,0.32304645651363384
21,share kati sweet famili need help ever covid19 relief coelh,pos,0.8347199742167821
22,great meet today discu ongo respons covid19 grate ,pos,0.7489610127654015
23,let clear covid19 test late april trump could mani test want admit,pos,0.6696248396426644
24,news point item list ppe kit use medic staff fight covid19 va offer,neg,0.23086620078865908
25,uofl develop technolog believ block novel coronaviru infect human cell uofl research hope fa,pos,0.7095459644748306
26,rocket scienc simpli math next week lost american covid19 week ,neg,0.25785650986052977
27,dhanyawad creat person bodyguard everi indian fight covid19 ,neg,0.24205360365289305
28,one sent home without pay billionair work line pocket yet ceo,pos,0.717143548103639
29,doubt deni sever intens realiti covid19 wish could look eye,pos,0.7017021029319152
30,ekiti record first covid19 death new mother thecabl,neg,0.2148915761490969
31,interview one book fear citizen happen la vega stay,neg,0.2968372129848235
32,today daili elain major suprem court decis juri verdict may offer clue justic,pos,0.6623211332536401
33,stewart say proud vancouv resid follow order help flatten curv outb,pos,0.7405212047390124
34,control british govern respons covid19 great articl via,pos,0.7134126554245339
35,public compani took covid19 loan meant small busi admit feder respons screw,pos,0.7076256141213004
36,must solo run govt exit plan wind public health restrict consult agreem,neg,0.3035985667597488
37,warn come greek author announc peopl test posit lock migrant hotel cou,neg,0.2192846708794733
38,sever punish challeng measur covid19,neg,0.3408110152426217
39,covid19 test temporarili suspend kano bc staff test posit test kit got finish heal,neg,0.27003536478213386
40,go depth hell le grand even pay life trump di,neg,0.2617312884497272
41,exchang view covid19 pandem pm thank support care extend,pos,0.8104056241752732
42,good news ton peopl contact news help veteran evict landlord bad news,pos,0.6718416462617054
43,good straight forward read,pos,0.7438710914372534
44,write stori lost pandem gut honor get know someon,pos,0.6983065582015313
45,fire bone covid19 victori danc news around,neg,0.28389165693790924
46,group artist decid draw governor joho wonder healthcar worker honour covid19,pos,0.7431275298360763
47,routin complain poverti reason minor die covid19 advoc,neg,0.19572218052199336
48,louisiana longest serv incarcer woman suppos free instead covid19,pos,0.7041281637058263
49,top stori white hat hacker help fold covid19 protein see,pos,0.7195786223424897
50,fort dix april prison four staff member confirm covid19 civil right,neg,0.22656853201038585
51,trust covid19 soon wait elenu sobolo garden fork,pos,0.6874406217372377
52,congress go home clear timelin relief packag provid monthli univers cash,pos,0.7445399111397895
53,everi person go work test test symptom want stop sprea,neg,0.2817027224871373
54,news everyon talk covid19 democrat attempt sneak strictest gun control measur ever,neg,0.26980373548596326
55,meet pcc dcc presid held today video conferenc co ordin ass cov,neg,0.28455454290450644
56,make shit doggi breeder task lead covid19 pandem task forc the,neg,0.2978073337481635
57,pm et tonight confirm death covid19 pa grim mileston confirm death,neg,0.18942235635848703
58,look studi claim covid19 patient took hydrocholoquin like die tho,neg,0.29665405852640114
59,kentucki total state debt billion ny billion idea fed fill,neg,0.268517712621004
60,new legal resourc healthcar organ ontario respond covid19 pandem,pos,0.7324862448619416
61,two elder doctor self treat zinc hydroxychloroquin recov fulli covid19,pos,0.7237010590288879
62,case perpetr encourag opportunist social polit leader rather work,pos,0.679349511385893
63,warn covid19 earli januari trump busi golf,neg,0.2150555437633081
64,kati russel nomin aunt shirley work covid19 ward ulster hospit thank,pos,0.763715170952876
65,dump beauti cd girlon death row covid19 whatev mani empti kennel kill,neg,0.18312675047678603
66,covid19 impact disabl peopl ireland pleas complet survey voic matter,pos,0.6683697691591339
67,militari role combat covid19,neg,0.31264944375004167
68,bangladesh decid extend covid19 shutdown day may initi declar gener holiday,pos,0.7423723416852334
69,harri jayawardena aitken spenc call offer govt use resort hudhuranfushi help covid19 eff,pos,0.7284326037714407
70,covid19 test free bangladesh highli regul minim cost privat sector cost priva,pos,0.7347442834655329
71,trump propos irradi bodi uv light inject clean product directli bloodstream,pos,0.6637578381543272
72,question unit state miss opportun get ahead novel window maki,pos,0.6241665433760502
73,announc special call paper journal public econom covid19 shorter paper word fast,pos,0.7485800010518733
74,last intak id alreadi use odd death row covid19 whatev empti kennel kill,neg,0.15017891646755033
75,live berlin thousand activist sent demonstr sign week togeth demand,neg,0.28390301777614674
76,help stay safe give latest news updat covid19 io,pos,0.8091285187756693
77,final finish covid19 tran work sinc last week yay,pos,0.6473444628605076
78,look ahead covid19 given flu jab year futur get money pharma,neg,0.29077052036549234
79,great sad announc support worker kirsti jone sadli die covid19 colleagu said ki,neg,0.28076710494025264
80,rumour kim jong un health intensifi chines medic team sent north korea advis care hea,pos,0.7269149955886288
81,incompet modi govt inspit time warn ill prepar ad,neg,0.22501213122501076
82,new maryland send emerg alert receiv call consum disinfect governor offic say htt,pos,0.7247439869321686
83,thank nice summari potenti drug also short,pos,0.715411676271789
84,still shock vote man advis peopl inject clorox bleach,neg,0.25898894108957704
85,print technolog bring cura jupe fight cura open sour,neg,0.300607253316192
86,excel articl success tori new labour govt peddl lie british public de,pos,0.706394238794225
87,level mean high increas case low level capac health servic,neg,0.23925550461157474
88,flirtat eugen complic elector fraud contempt nh made domin cum,neg,0.30395914831677406
89,new econom project show nation electr co op could suffer billion lost revenu,neg,0.2614611500857295
90,halt fund world health organ world health crisi danger sound work,neg,0.4050267067828044
91,proper handwash believ effect measur prevent covid19 tikapur municip,pos,0.7455807484683947
92,western medium joker grace give india credit much better job dolt,pos,0.7300023954627246
93,respect pm shri ji honour call milk produc famili banaskantha dist associat,pos,0.7598445008763757
94,covid19 must reduc low level flu season start demand,neg,0.18859818173496626
95,want life approach anyth like normal anytim soon need comprehens test program go,pos,0.753987390565028
96,thing may look littl differ day airport anyon pass feel safe know part,pos,0.754140365889014
97,great sad announc nurs larni zuniga sadli die covid19 friend say larni alway,pos,0.5884443299463581
98,knew life tv could bore,neg,0.2915214539763633
99,would appear nordi garda commission want british border ireland back,pos,0.6932994001816934
100,global covid19 death toll surpass tragic death uk,neg,0.11857414700619724
101,wow cool pluristem work placenta base cell therapi help treat patient sufferi,pos,0.7851409907809601
102,andi cohen allow donat plasma covid19 patient gay,pos,0.7640576905381237
103,nutshel treat prevent covid19 contrari rumor cure yet specif ,pos,0.7299190801914367
104,tech tyranni twitter suspend account youtub remov video biotech compani creat covid19 treatment usin,neg,0.27897688040806595
105,peopl die presid unfit unwel unaccept anti trump repu,neg,0.1624058414907191
106,break news florida ski resort see break number despit covid19 warn,neg,0.22975798571586062
107,clear lot debat whether govern act quickli enough tackl covid19,pos,0.7351284285607546
108,updat step step guid nurs stay safe home shift end updat includ,pos,0.7651939712174394
109,icymi research london join other around world joint studi loss smell among covid19,neg,0.2798496140631441
110,ramzan mubarak pray everyon safeti well prosper may holi month bring abundanc,pos,0.7247643677858486
111,covid19 updat today new case new recoveri death covid19 total figur malaysia apri,neg,0.2290467806784807
112,nigeria mess crop polit leader continu fail peopl,neg,0.23226854463186933
113,day ago west bengal deni death peopl due covid19 today confirm centr decid,neg,0.18958035049178185
114, conspiraci theorist medium report death rate mean coronaviru death incl,neg,0.16477150492534626
115,interest read,pos,0.7631816907745381
116,good read golfer readi mani cours readi weather readi protocol,pos,0.7461652199196447
117,scenario plan help busi better understand impact risk navig challeng futu,pos,0.758506252655928
118,good know mayb govern elain timelin ,pos,0.7447945453718019
119,content cover stori go special king corona rule world dea,pos,0.6973761711445722
120,sussex mental healthlin offer mental health support gener mental health concern well crisi sup,pos,0.744836294045871
121,first thing want covid19 lockdown eas,pos,0.6809261253785771
122,confirm case covid19 tooel counti utah make perfect sens hair nail salon,pos,0.6596055782501921
123,start say death covid19 come back fall,neg,0.2005335728233915
124,franc anoth studi result look like smoke protect covid19 nicotin someth els,pos,0.7893936275156211
125, ku student manufactur ventil aid covid19 war least week everi news,neg,0.25350844122491034
126,due covid19 crisi fulfil wish child seriou ill came halt spo,neg,0.2115746353745277
127,rdhl pm redhil announc patient treat opaganib compassion use show obj,pos,0.7341164752373279
128,nikki travel beloit treat thousand patient nyc true health hero,pos,0.7639627395940791
129,kurt recov great stori mom,pos,0.7489321996782848
130,yesterday night mumbai bandra reclam shot exhaust doctor return home ask,neg,0.28380156732564144
131,maharashtra highest number covid19 case india mumbai terribl bad shape yet middl ,neg,0.2834669965329163
132,muzzl critic woman disabl face stigma abus refuge,neg,0.297966881915715
133,anti lockdown protest organ test posit covid19 demonstrati via america dumbest,neg,0.21236183004839962
134,covid19 labour union want tripartit engag plight worker,pos,0.7230251481609064
135,death per million popul germani denmark portug norway etc etc uk exa,neg,0.16976453951410023
136,tyson food tyson order yo anni grant back work feed america even thoug,pos,0.6818675706702187
137,bt temporarili suspend map soul world tour readjust entir schedul midst covid19 pandem,neg,0.2694565364680217
138,record consecut day zero new case well done keep,pos,0.7091404389959893
139,presid donald trump former un ambassador nikki haley attack illinoi democrat use covid19 crisi,neg,0.2012655085537234
140,southern state histori racial discrimin restrict vote rule make nearli imposs black peo,neg,0.2383048464221506
141,almost week character pandem world bank pay pandem bond ha,pos,0.6704569735223872
142,dr paul kasenen covid19 pandem bigger question hidden problem part iii read,neg,0.31612240298619787
143,sunday yesterday repres major drop covid19 death realiti fewer flu death bl,neg,0.16997077379680725
144,sent british clinic volunt fight ebola sierra leon came home aliv far,neg,0.2871141630312977
145,fill week chariti survey help shine light impact covid19 chariti sector,pos,0.762362167997139
146,covid19 death keep ad disrespect anyon die mani reason covid19,neg,0.17496390515036622
147,four nation pull togeth share resourc win fight suppo,pos,0.7144788487602111
148,covid19 biggest threat,neg,0.2531924162990786
149,aim amazon like eerienc patient fulli built artifici intellig use data,pos,0.7368161891700972
150,tame viru mean lock away healthi younger peopl foolish beat viru develop imm,neg,0.27903417693045196
151,lift mental lockdown may issu sale today witch mark allot folklor levit jesu covid19 consp,neg,0.2787097563885357
152,sicken order mandat place covid19 patient nurs rehabilit home new york someth,neg,0.2830991707316494
153,scottish indi campaign must ramp urgent,pos,0.7058948069851526
154,mani elderli covid19 patient sent back care home hospit without test see ne,pos,0.7722016813761011
155,seen ask lava lamp time like sound like well listen,pos,0.721411872874025
156,veteran actor buri versova cemeteri presenc famili friend live updat http,pos,0.7462374344559255
157,wildest part covid19 white peopl act like stay home order version civil rig,pos,0.7089083704577155
158,fox fire diamond silk promot disinform covid19 diamond silk held high,pos,0.6530910096940151
159,news varieti europ film industri war room debat covid19 impact nyon kind,neg,0.25737509494626354
160,morn need help adapt workspac post covid19 help,pos,0.8165467407569655
161,covid19 much lethal flu,neg,0.2330592524037532
162,dad text attend funer colleagu die work ward fight,neg,0.2537156545758078
163,health worker bow burial central reserv polic forc crpf offic die covid19 graveya,neg,0.2699499496483971
164,leo dublin citi hold onlin panel discuss workshop help retail may th,pos,0.7549236724006181
165,take insid covid19 hospit indor red zone meet heroic team docto pregnant woman new born bab,pos,0.724756305293387
166,covid19 tanzania case soar six death via,neg,0.2430776517343393
167,cross dread vietnam barrier american kill covid19 three month vietnam,neg,0.24375167353387361
168,actual see grave consequ disdain ignor intellig warn jeremi bash fmr,neg,0.2140144874323201
169,illus heroism sink ship covid19 death tripl state run vet nurs home chester,neg,0.20125085891655434
170,avg monetiz dau mdau grew typic season strength ongo product improv global conversatio,pos,0.7084610055404162
171,woman behind vaccin may end covid19 pandem save world via,pos,0.7229924630023291
172,hmmmm ye recal mani death due inadequ medic suppli covid19,neg,0.2141336213176111
173,pregnant worri stay safe tip,pos,0.7980737684681958
174,remdesivir drug made ebola block coronaviru day take patient given drug,neg,0.30612066679917943
175,world health organ advis peopl follow five simpl step help prevent spread covid19,pos,0.7308639830769512
176,uk music compil advic govern fund bodi support music busi affect impact,pos,0.7516615507916007
177,barri took recess control made train wreck borrow lot offrom chicom shovel rea,neg,0.27740686375106316
178,ceteri support local compani major tenant alva eand assist fight,pos,0.7320411041351005
179,wonder govern continu ban sale cigarett find risk smoke ,neg,0.2898633702046448
180,grandfath die today vote believ said viru wors flu ,neg,0.20689508389602368
181,trump want sue china canada sue usa,pos,0.6939787093906157
182,real hero covid19 health worker even giveaway compens done human,pos,0.6861731542325834
183,labour day salut offer unfett support dedic healthcar policeman frontlin,pos,0.7635597123205297
184,one size fit plan dilemma state reopen without trigger new covid19 surg,pos,0.706368492091485
185,megan team congresswoman sheila jackson lee ummc provid free covid19 test houston resid,pos,0.7676555727099708
186,share especi time covid19 pandem care,pos,0.7244003038669806
187,call paper covid19 special issu jcom journal scienc commun ,pos,0.7368997190054936
188,covid19 lead student loan forgiv social distanc till without complaint,pos,0.7004608341900184
189,laura aunt die yesterday covid19 wife nurs icu autist daughter,neg,0.21574927931068602
190,health care profess council establish temporari regist receiv final year student rang,pos,0.7552180287637024
191,dear never mind captain cook long gone unlik case enough dist,pos,0.7246848773960187
192, may need transpar want filipino conquer nation batt,pos,0.7323454829106487
193,base today uk figur show peopl die hospit covid19 cautiou estim number,neg,0.20958361456473706
194,govern demand hindu templ contribut ten crore chief minist coronaviru relief fu,neg,0.3220401314415365
195,uk minist held legal even crimin liabl fail prevent death covid19 especi,neg,0.23171181498785293
196,safeguard need day lockdown sierra leon provid food assist vulnera,pos,0.719366828042738
197,biko interview covid19 bless,pos,0.7025990029539144
198,difficult read entir thread convict child predat worst kind releas prison,neg,0.248436655062985
199,great sad announc healthcar support worker afua fofi sadli die covid19 colleagu,neg,0.3014351775030528
200,peopl unemploy get max pay per week anoth whop covid19 total,neg,0.22397850308363756
201,leak western intel dossier reveal china deceiv world coronaviru,neg,0.26519119047306366
202,infect commun infect keep commun safe must stay safe ge,pos,0.7973052128457898
203,els understand import keep motherland safe arm forc kudo cd arm,pos,0.7769260046530356
204,rubi dutton stuff thank one result hundr covid19 infect,pos,0.7235872935097606
205,lesson covid19 life short job temporari health vital alway invest etern jesu,pos,0.7224282161699681
206,borrow word talent import ever,pos,0.7215692498323407
207,interest import read new england journal medicin,pos,0.7726417778417354
208,today confirm number case total number death risen de,neg,0.20759215253893817
209,discrimin parent also victim covid19 epedm get salari,neg,0.2729921451583809
210,entrepreneur diari quick reflect covid19 impact march alon fundrais trip cancel,neg,0.3126303643427235
211,pro lifer arrest give mom rose abort center covid19 news lifesit,neg,0.28982427402294897
212,surpris cdc cut total number covid19 death almost half unit state,neg,0.17280097033827851
213,dear professor stephen powi appal number uk death covid19 unfortun said,neg,0.21587744599880848
214,support someon live dementia famili carer need advic websit provid guidanc,pos,0.7942459810862814
215,nypd offic continu terror amid covid19 epidem want justic ask leader stand avenu,neg,0.2761488890875194
216,break warren buffett say wrong invest airlin industri buffett ad airlin man,neg,0.2532506857333615
217,open letter johnson migrant chariti etc warn peopl insecur immigr statu di,neg,0.2618051829922766
218,gather larg unmask group nation mall watch militari jet honor healthcar worker risk,pos,0.7305562479207144
219,cdc cut covid19 death total half review death report ad influenza pneumonia co,neg,0.15606472145674918
220,salut medium personnel work tirelessli uphold valu fair journali,pos,0.7355723833521635
221,travel face quarantin franc extend lockdown tourism franc repres gdp support million ,pos,0.7634307413858347
222,salut forefront brave fight covid19 great gestur arm forc,pos,0.7248635873565556
223,lockdown karnataka arrest kolar offer namaz mosqu polic book peopl,neg,0.25552629718309094
224,best wish russian pm mishustin earli recoveri good health stand close friend russia effor,pos,0.7473605919425501
225,want igbo focu se covid19 case zone sw nw nc ne se ,pos,0.6752651737609745
226,chief nurs offic say measur place protect resid scottish care home covid19 ,pos,0.7833167869944604
227,chandigarh administr withdrawn relax announc yesterday ut plan allow,pos,0.7095643795496097
228,left ok covid19 id card fight hard voter id secur elect,neg,0.28704562159320124
229,seriou case covid19 increas day day situat risk life go,neg,0.25400054251988985
230,india get ton medic suppli uae fight,neg,0.2596150308169749
231,fr record death pain suffer poor soul rel,neg,0.18615472280233028
232,hindu railway charg extra per passeng migrant worker special train fact fare paid state govt,pos,0.6567275055528428
233,govern say download covid19saf app longer requir eas restrict sorri cynic,neg,0.2640742610421898
234,stop follow covid19 updat stop tweet bad energi,neg,0.2360719901083819
235,depart health report new case covid19 philippin bring total number,pos,0.6360694009611841
236,heard would project covid19 end surpris fan definit ver,pos,0.6648055418057166
237,callou monster peopl die due covid19 tweet approv rat,neg,0.15329873316306472
238,break latrel mitchel sent home south head quarter covid19 test display cold like symptom,pos,0.7142506422004539
239,public polici imper right adapt critic high contact sector covid19 risk viz food suppli chain,neg,0.2895498505819898
240,tucker actual death rate covid19 via final start admit,neg,0.19526449166601761
241,everyon know worst aspect nazi germani way forc peopl sit sofa watch ne,neg,0.28099385426160894
242,uk must work nearest neighbour urgent noth brexit save life save,pos,0.7535394765034517
243,covid19 reach peak two major risk factor thought make coronaviru deadlier catch,neg,0.2804052419351079
244,dr richard horton editor chief lancet medic journal even damn handl covid19 cri,neg,0.2821159714481688
245,let tri understand right pro life fetu elderli sick work class,neg,0.2966591861470495
246,els eect bullshit said even top afford covid19 treatment,neg,0.2844321183228937
247,let know may work nation engin polici centr partner support govern,pos,0.7225707968293075
248,uk coron order exclud issu inadequ ppe inquest death nh staff kill covid19 tactic,neg,0.2175791701669051
249,dad icu doctor treat covid19 patient past week set never seen heart rate rbc count,pos,0.6768143852707312
250,market fall back china tension rise covid19 busi live,neg,0.2713526416827304
251,tough time covid19 pandem follow check includ medit yoga ro,neg,0.3320468646023124
252,real bill gate away camera mask smile gestur cuddli bear see tv,pos,0.6847121516841668
253,poorest densest area monterey counti affect covid19,neg,0.3098992241178961
254,appl googl ban use locat track covid19 contact trace app ensur user privaci prevent,neg,0.2776310027324251
255,total number covid19 posit case india rise includ activ case cure discharg,pos,0.5909349040664436
256,good news peopl continu recov covid19 glori god south africa recoveri africa ,pos,0.7235842800835858
257,cnn blunt characteris uk one worst covid19 respons europ analys failur hap,neg,0.23875147589290255
258,senior tori mp claim public will stay home covid19 repuls mp miss bom,neg,0.33004281908563676
259,three russian doctor fallen window past two week latest dr aleksandr shulepov fell,neg,0.24519541564502526
260,state count covid19 death correctli american peopl suppos trust count mail bal,neg,0.17051829972258303
261,mayawati say govern unabl send home free bsp pitch,pos,0.7431814691289633
262,day cross case india fare better countri contain covid19 viru,pos,0.7274840732350293
263,choctaw nation fresh trail tear heard irish famin sent everi cent could toda,pos,0.7113815274578525
264,extrem sad south america brazil overwhelm graf given longer test die ,neg,0.22815189444628123
265,covid19 seem uniqu tough american foe rest world figur czech republ,neg,0.26456124166044814
266,throw even zero covid19 death may vote trump person ,neg,0.1915582142011476
267,appar journalist take tonic cure covid19 tout presid madagascar,neg,0.2552346803127459
268,guardian report test sent care home carri yet everi singl one,pos,0.7751473868827888
269,present govt learn someth go beyond polit doesnt matter state cong bjp ce,neg,0.2868550638076508
270,airasia air asia refus cash refund cancel flight due covid19,neg,0.2327689972565792
271,lago author hope har heal power music weekli concert outsid covid19 isol tre,pos,0.7438616627145251
272,see outbreak misinform harm health advic hate speech conspiraci theori,neg,0.27521731662937426
273,support patient age unwel coronaviru covid19 mental health learn disabl auti,pos,0.7380903537068221
274,cyril talk populist talk ret brought covid19 well good next capit research,pos,0.751293951032089
275,emerg crisi onto busi street gridlock car traffic build citi fit,pos,0.7416167287555335
276,professor research covid19 kill appar murder suicid offici say cnn,neg,0.23373329979788127
277,italian leader slam fals covid19 number die way impos dictatorship,neg,0.2588963847228351
278,sometim feel like cri keep fight peopl suffer,neg,0.28800843602383386
279,covid19 shop despit ban awar corona close space infect,neg,0.28634569031056833
280,littl surpris per mile spot market rate april sank freight movement stall due covid19 coronavir,neg,0.22467144997350846
281,day honor health worker doctor nurs lab worker driver cleaner caregiv covid19 battlefront,pos,0.711038413206896
282,propos actual plea sever doctor frontlin covid19 new loss smell,neg,0.2533230020188421
283,lucep cofound got featur inspir entrepreneuri journey help tackl covid19,pos,0.7633091460744315
284,salut let recogn effort hard work contribut fight covi,neg,0.3031457306827431
285,wa record new case covid19 overnight mean reach signific mileston wi,pos,0.6369854249392568
286,dana white greedi prick care peopl die ,neg,0.2272489206710937
287,trump tour mask factori without wear mask live let die play background actual ap headlin morn,neg,0.23831039907522913
288,staff member work support student covid19 help help share eerienc,pos,0.8017300716084027
289,thank recommend ye housebound great time learn german,pos,0.7728938524212743
290,urg stop spread disinform china say recent accus trump administr covid19 pa,neg,0.2436132531398079
291,great sad part covid19 stat,pos,0.7185986630002985
292,nativ american health center ask covid19 suppli receiv bodi bag instead team turn ghost white,neg,0.26069784178323546
293,time white nation burri thousand still suffer ever increas strain,neg,0.2344700620849087
294,peopl number dead covid19 today,neg,0.20547081692449892
295,nigerian home sinc begin covid19 pandem even lock relax causin,pos,0.7066381816983099
296,join live session emin doctor india give answer question covid19,pos,0.7415068461176213
297,govern need urg want,pos,0.7483096352484109
298,miss univers catriona gray wednesday said decis shut ab cbn disservic filipino,neg,0.26909288763722145
299,begin reopen data play critic role ensur safe built salesforc,pos,0.7772629480883856
300,lost think go listen prime minist whose decis reason covid19 hit ,neg,0.25776703248877314
301,difficult time mani right howev keen join help support mani ,pos,0.7568023414304113
302,televis news paid tribut name photograph die covid19 six second would,neg,0.20882702635561776
303,bc restart plan return normal hope care step toward real recoveri covid19,pos,0.746726638417909
304,dutch restaur test idea friend famili staff amid covid19 use small glass cabin dine waiter wo,pos,0.6914885976147112
305,covid19 inform guidanc support teacher leader educ child,pos,0.7280109629226209
306,uk youngest mp sack role carer covid19 crisi highlight pp,pos,0.6763654405842765
307,qatar problem let peopl starv street long abl save money pleas tag relev,pos,0.7307890238962212
308,heartbreak stori read internet today anti muslim carnag delhi father burnt aliv,neg,0.2836631100280613
309,easi solut believ covid19 hoax go fun mingl peopl also sign waiver treat,pos,0.7041435898448152
310,valuabl time money go effect commut abl give even better servic ,pos,0.7613156392483498
311,covid19 case rise health ministri press brief today alreadi cut brief elimin,neg,0.2990948196723867
312,taxi driver face charg attempt murder continu transport passeng test,neg,0.23077223650289388
313,doubt power press recogn gov ron desanti handl covid19 florida excel fashion whi,pos,0.7046864770793981
314,indian occup forc kill threaten men woman child kashmir use covid19 ,neg,0.23274747994765874
315,uncl die last night covid19 symptom wife aunt exhibit symptom well contact,neg,0.22659353210146857
316,flu vaccin increas risk covid19,neg,0.2035154733086111
317,knew could test get earli treatment live covid19 would like live bad fatal,neg,0.2366833432423897
318,nat debt record job lost april unemploy highest sinc great,pos,0.6372696840389087
319,congress treasuri go back forth tax guidanc implement trillion coronaviru relief bill,pos,0.7421001285504881
320,remark stori admit possibl redact done error alreadi arriv ,neg,0.2785961763206972
321,smile second best thing lip,pos,0.7391624725590125
322,disgust yet anoth blow commun disproportion devast covid19 black,neg,0.30175545901720774
323,stop suck covid19 make outgo call,neg,0.29478276817600635
324,presid ramaphosa announc releas low risk prison parol combat covid19 correct,neg,0.18641926780389878
325,took death peopl get face mask peopl incarcer new york state,neg,0.17067316962693524
326,turkey minist industri mustafa varank three scientist reach anim test phase,pos,0.6558753672278262
327,govern scientif advis furiou see attempt censor advic govern propos,neg,0.2892091842266175
328,best hope next day zero covid19 case kerala leadership,pos,0.7604535030157142
329,reveal uk scientist furi attempt censor covid19 advic,neg,0.23589717217343736
330,rachel maddow slam gov pete rickett fail reveal go plant covid19 case elodin,neg,0.25178839461664887
331,chubuik rotimi amaechi covid19 essay competit age year st prize,pos,0.7039677796696436
332,code nh covid19 track app got publish yesterday seen sever tweet slightli dismay,pos,0.6787699794694034
333,suspect covid19 prove much bigger problem russia cover,neg,0.256623621769871
334,peter piot mani peopl think covid19 kill patient rest get away flulik symptom,neg,0.2185936824866255
335,meet dg central arm polic forc entir nation proud capf personnel contributio,pos,0.728443492563336
336,guy sinc honest know anyon got covid19,pos,0.7009085316024942
337,ask shield order min no deliveri via spee,neg,0.2996559351033431
338,lobbi hard govern issu face director relat measur announc support busi,pos,0.7015004866180059
339,editor masala itp medium group lekha menon wish hm amit shah dy covid19 cancer bureau chief,neg,0.2807168297614873
340,coronaviru lockdown migrant worker stage protest industri area surat,neg,0.2908767756971792
341,loool outlook either geniu found fault test diagnosi covid19 nigg,neg,0.29149908687092724
342,keep arunach safe made covid19 test mandatori everi person enter st,pos,0.7165845193679364
343,covid19 total disgrac better stay home stay safe,pos,0.7754737679144694
344,clear blame trump covid19 blame astonishingli inept respons diseas due ,neg,0.24115763606025648
345,extens discuss covid19 pandem nation continu work togeth support the,pos,0.7225009766325197
346,oh understand trend obama say end michael flynn case put rule law risk call covid19,neg,0.26657434186303886
347,loretta mester presid feder reserv bank cleveland join discu tool polici,pos,0.7207718365983128
348,nearli american die due covid19 work trump sit wh prais per,neg,0.1554325865995283
349,dear god meet dr munyangi doctor behind madagascar remedi protect lord shield,pos,0.7497021785639129
350,world popul america tragic distinct account pandem death far,neg,0.19836481793945884
351,youth foster care surviv pandem especi difficult mani famili,pos,0.7371550296904584
352,two covid19 death confirm kaduna,neg,0.139830033514094
353,impact covid19 pandem long last still proactiv make sure,pos,0.7213326973704497
354,lockdown easi might help mental health gave thing ssocial di,pos,0.7508922565081432
355,mom love giftcast celebr special day today send person video messag spen,pos,0.7135111417978934
356,china presid xi jinp person request delay covid19 pandem warn daili mail onlin,neg,0.2123559701200648
357,sinc ask mr presid hn kill american april april full month covid19,neg,0.12171722055525094
358,truth come china fault fault trump ignor,neg,0.22292468854495268
359,transit worker citi like new orlean seattl chicago lost worker front line keep citi ,pos,0.7239207738049461
360,medium tri freak covid19 second wave know let shut economi forev ,neg,0.3040147239494073
361,whilst stuck indoor contain health crisi great british taxi servic alreadi help ashor,pos,0.7441351995258791
362,chile mine minist promot use copper fight,neg,0.26612287864125
363,post futur th anniversari schuman declar traine share thought futur,pos,0.7283740387129037
364,new public flow physic covid19 avail via open access excel work team,pos,0.7345794148608338
365,pleas complain store went ask wear mask cowork die covid19,neg,0.21345341520652308
366,death top global afp talli,neg,0.23228315000333483
367,accept death coronaviru yesterday peopl die covid19 highest daili death toll,neg,0.0721085113996707
368,hon pm leav stone unturn protect support citizen difficult time leadership,pos,0.7780100075856904
369,watch live press brief action taken prepared updat covid19,pos,0.7093503896329605
370,hi nikhil due covid19 phone support current unavail connect support speci,pos,0.7191672146476239
371,lucki enough gordon come next confer octob th well covid19,pos,0.726618626056349
372,light candl join vigil twitter pm aest tuesday may honour life overs,pos,0.7419951778044223
373,new stori npr covid19 creat legal aid crisi fema usual respons miss,neg,0.2998352686785197
374,standoff eastleigh nairobi resid covid19 partial lockdown picket demand relief food gov http,pos,0.724141395939177
375,northern busi reposit self war land peopl eastern region ,neg,0.2555857308026959
376,hong kong four death covid19 case yet lockdown much longer,neg,0.21712715658899973
377,today technolog help mani effort make world free covid19 salut forefron,pos,0.7601751181214654
378,ok clariti somewher rang number infect covid19 uk,pos,0.6601629376257305
379,man global warm fanat view human threat earth eliminat threat covid19,neg,0.2530860131409479
380,regret inconveni kindli dm contact number assist due covid19,neg,0.23705893936503203
381,wow white hous becom covid19 hotspot send thought bleach,pos,0.7114057525581459
382,return work safe protocol design support employ worker put measur place prev,pos,0.8104199410259503
383,question want death number go shutdown state think yo,neg,0.249118059544233
384,new issu epistem posit polit covid19 pandem essay critic engag glob,neg,0.309243233236143
385,rememb covid19 began spread like wildfir europ trump allow unrestrict air travel,pos,0.6808500835325899
386,thursday may pm edt join convers combat,neg,0.3242357567288873
387,today take look scope misinform covid19 danger eff,neg,0.2622572742244288
388,gov reynold pois loosen restrict iowa post second highest daili death toll covid19,neg,0.1759145866707713
389,trump administr cut fund coronaviru research jeopard possibl covid19 cure http,neg,0.2823111114362409
390,dear world thank,pos,0.7425366592081962
391,teach staff die covid19 april th england wale accord on highligh,neg,0.2169149802795314
392,let put american die covid19 histor perspect,neg,0.17464761742535578
393,think enter miss sa call zozibini tunzi twin zozi lite level south afric,neg,0.2557369686760943
394,hous dem introduc trillion covid19 relief bill mcconnel slam anoth big laundri list,pos,0.7547863247432149
395,ct scan mri behind ontario mind boggl number take year catch,pos,0.6981581226453353
396,secur eert warn spike covid19 theme potato attack past two week,neg,0.21828966905281455
397,dear dead arriv teenag daughter cash andi behrman lo,neg,0.26421569582661925
398,lgbtq person go daili servic unwarr arrest abus human right abus,neg,0.2348817329773301
399,new york state investig case inflammatori ill child may relat covid19,neg,0.20850248464925908
400,thank lead playwright wggb member back launch guidelin today mo,pos,0.7338709175812028
401,break dr fauci testifi covid19 death toll like meaning higher report,neg,0.1668887685820613
402,let see popul million suppos covid19 death date ceo quit last,neg,0.2137450095644046
403,januari fact warn covid19 go seriou base chines news develop developm,neg,0.25500064779015424
404,keep regular sleep pattern exercis talk worri love one way ke,pos,0.7450826234976428
405,donald trump put banner want rose garden chang fact fail nat,neg,0.2692532779607986
406,blog post publish today dr erika martin emphas import lose focu ,neg,0.301282519028844
407,nativ peopl overal popul new mexico compris peopl state die,neg,0.1830386714417925
408,help covid19 anxieti need right,pos,0.7785845688596226
409,sign niaid priorit useless cruel covid19 research tell stop,neg,0.25776788869228145
410,michael hummel share modern medium take unknown busi help thrive financi af,pos,0.7372211379090833
411,fauci fraud birx complet differ page one financi incentiv like scarf,neg,0.3156908790572192
412,still cri still mourn littl one mummi anymor cousin pay tribut railway wo,neg,0.22228365292499533
413,wakf board aur institut ka incom aur deposit ka paisa millat ke relief aur chariti ke liy fouran istem karain,pos,0.7510707543374306
414,bighit entertain take prevent measur coronaviru employe yanolja hous neighbori,pos,0.7309385144539606
415,bother one non respons person listen call improv heart,neg,0.3198405180682937
416,covid19 case death ebola case death trump murder american sure,neg,0.14196013078061434
417,sinc ask mr presid hn kill american april april full month covid19,neg,0.12171722055525094
418,latest ciera bate chamberlain famili member ventil glenn harston lost aunt famili member th,neg,0.314112852967069
419, industri nation univers healthcar insuffici work benefit stagnant wage poor unemp,neg,0.31571578195904754
420,bravo student offer pro bono legal servic covid19 corp,pos,0.6934753633156281
421,almost pa covid19 death occur nurs home long term care pa never,neg,0.24832821414194584
422,combat infecti diseas respons feder govt involv polio polio,neg,0.27199643922721634
423,smoke gun govt care home polici govt advic april patient may ca,pos,0.7444171263397672
424,histori rememb wild reaction covid19 flu greatest econom boondoggl histori ,pos,0.6274929975746012
425,remind great group help food need offer fantast support across maryhil springburn du,pos,0.8072126642738873
426,eand circl keep tight say top doctor head long weekend,pos,0.7416312099534673
427,kerala rock star health minist help save covid19,pos,0.7786170357953629
428,fresh covid19 case delhi caus highest singl day spike nation capit health author,pos,0.6943200232311582
429, face darkest winter modern histori unless leader act decis prevent rebound covid19 say dr bri,neg,0.27824739519762703
430,reflect practic use time stress extrem situat uncertainti use right,neg,0.2641053751102075
431,case racism hate crime xenophobia link covid19 increas worldwid human right watch callin,neg,0.23037310921245718
432,analysi impact covid19 food logist market rise use multimod transport boost growt,pos,0.6975313593488299
433,floridian stop travel well offici shutdown data show get mask cover gt,pos,0.722342733427722
434,current enjoy reduct pm matter figur accord,pos,0.717881354068093
435,unpalat truth go industri produc much world food disturb,neg,0.29701701540911524
436,lompoc feder prison far district inmat covid19 paul manafort trump croni,neg,0.24137593952214473
437,ft say peopl lost life uk covid19 per million stagg,neg,0.19557317474183017
438,latest follow stori one person fell ill covid19 get santa rita jail wha,neg,0.2562930696759347
439,well let agre disagre think anti foreign student full,neg,0.2870355076543994
440,iu donat million citi gwacheon help low incom famili covid19 pandem,pos,0.7441523151553389
441,miss assist director speak panel mornin,neg,0.30443393289170584
442,fight covid19 pandem could herald rise superbug,neg,0.285661814592806
443,american pilot die plane malfunct way deliv covid19 rapid test kit remot indon,neg,0.21805589526175737
444,look like covid19,pos,0.7598350578315959
445,consensu emerg outlook post opportun strengthen ,pos,0.7220216387333571
446,look like covid19,pos,0.7598350578315959
447,brilliant stori recov covid19 run long way chariti,pos,0.7639076901367737
448,drop union membership recent decad worker activ see resurg covid19 continu ravag ,neg,0.28388518842762805
449,alway vulner resid frail live commun problem care home face properli,pos,0.7792856264692507
450,covid19 stop move forward set europ,neg,0.28515330071275813
451,kati perri donat covid19 relief,pos,0.7902700706956867
452,blame nrm mafia regim think outdat brain close border,neg,0.2698087201431768
453,tonight interview cnn talk new campaign support covid19,pos,0.7505562109719338
454,china countri viru origin pandem allow spread refus share inform,pos,0.7339075434056193
455,dynam syndic day adrian covid19 style may quit week sinc ha,pos,0.6920653990010659
456,pictur share heartbreak gavin robert funer dad charl rob robert,neg,0.3018582150386673
457,april scientist stanford post studi suggest death rate covid19 much lower prev thought,neg,0.20386015359062162
458,chines doctor wlhat mission invit true spread infect,pos,0.685045781301765
459,peopl die hn call obama incompet peopl die ebola,neg,0.1239443442814309
460,child rais slogan kill modi rel cure covid19 discharg hospit indor inst,neg,0.25308505862569036
461,trump fire pandem respons team today world popul world,neg,0.27997049273634755
462,march launch undocu worker fund support famili affect pandem exclud govern,pos,0.7776077087929177
463,yogi adityanath popular soar among bihar migrant amid covid19 clearli handl migrant issu,pos,0.6471599980647545
464,everi front line worker must respect say kashmiri doctor save covid19 patient risk life dr ,pos,0.7145584465296422
465,break corneliu haney releas april colorado prison due covid19 arrest murder year old wo,neg,0.16443500487891918
466,support tactic new nation trial excit studi look immun,pos,0.7461457132574085
467,privileg look like month push doj releas certain low risk vulner peopl,pos,0.6685459309259831
468, word think make joke covid19 peak humor,pos,0.710958683805184
469,yeah struggl make found ma,pos,0.6878485264169782
470,must miss nation coverag state roll back covid19 death number initi misrepo,neg,0.1966265235624624
471,eboni hunter pediatr emerg medicin physician say becom protect other,pos,0.7342258837284886
472,russia ask googl block articl question countri offici coronaviru death toll,neg,0.20453249070461524
473,tackl covid19 jacinda ardern approach like success hedg fund manag would like someon understan,pos,0.7729054502598336
474,week ago senior iranian regim offici issu order peopl return work despit warn low,neg,0.2627160418738975
475,behind everi covid19 death famili commun never behind everi unemploy claim li,neg,0.2631890931682172
476,world contest daili confirm covid19 death per million roll day averag may,neg,0.13815934578369002
477,blame human be kill covid19 fate disgust deflect yet,neg,0.22400696977289097
478,bangkok shopper flock thailand top end mall sunday main downtown shop district central world tou,pos,0.7158697485628317
479,wh undertak effort rehabilit donald trump imag eras endless video tape grave erro,neg,0.24505784822929477
480,thank pandem fought collect time alway,pos,0.7380559569278528
481,doctor found mani filipino die caus look like covid19 never confirm th,neg,0.3521524746624831
482,bloodi hell go gunaw makwana year old covid19 patient admit ahmedabad civil ho,neg,0.28265234195567124
483,along way elain buridan as dy ulyss grant success civil war gener,pos,0.719100141336423
484,good cannabi therapi game establish strong scientist elor cannabi extract,pos,0.7432488669448911
485,covid19 crush renew,neg,0.3050173527915403
486,alan twofoot serv armi year leaf behind child grandchild ok,pos,0.713416089113038
487,look problem covid19 bring like almajirci oil price go lost job kwankwaso tri ,neg,0.29407427419164345
488,check drive church california usa due covid19 like respond hallelujah,pos,0.6700156095044218
489,covid19 lockdown need move faster relief split tourism sector via,pos,0.7696526123104341
490,mani peopl test posit covid19 hospit pack peopl fight,neg,0.2110018413089757
491,greatest global public health crisi centuri world health organ support countri,pos,0.7204683475784184
492,never america allow forc suspens freedom name fals secur believ,pos,0.6800404057335567
493,ireland number compar european countri similar popul shock death seven countr,neg,0.2305343079627036
494,behalf ontarian send best wish majesti queen offici birthday canada let ,pos,0.7635391695213373
495,given current challeng intern travel cricket committe recommend local match offici,pos,0.7481412151590764
496,listen dj need come heat outsid open tri danc like kin danc floor,pos,0.7198753409502038
497,thing well cop test posit anantnag district also five doctor,pos,0.692567364808493
498,today pleas help give back affect covid19 haitian commun preorder plate simpli,pos,0.7647554422007722
499,corona viru covid19 weapon use human get reach actual potenti,neg,0.26620375323210776
500,say prayer doctor nurs paramed healthcar worker frontlin warrior risk,neg,0.3125950635458526
501,america decid covid19 let see play guess,pos,0.6127241362534573
502,gold price turn lower stock market ralli covid19 vaccin candid,neg,0.2603372985836037
503,trauma disabl often exacerb exist creat new mental health issu person,neg,0.3138451964629453
504,number taken day global covid19 number go gt twelv day,pos,0.6466302513586382
505,new best practic layoff covid19 pandem,pos,0.7190800091408406
506,letter nobel laureat warn arrest two ian student amir ho,neg,0.235102812457629
507,test trace recruit peopl signific number doctor nurs much doubt,neg,0.2883653660129705
508,govern minist right boycott pleas retweet vote greater sampl,pos,0.678741590847033
509,deserv everi lawsuit come way counti zero case last get covid19,neg,0.2747214890707254
510,wear mask sign privileg mean even pandem thousand peopl die ha,neg,0.217082665364949
511,pray lt covid19 gt,pos,0.7290228468036047
512,presid say take hydroxychloroquin protect covid19 even though shown comp,pos,0.7135465663709717
513,need know today brazil epicent avoid curv continu grow,neg,0.2990708183813498
514,nigerian live nigeria poor shame peopl twitter like live collect poverti,neg,0.2866119026314992
515,rev sharma nithyanandam bishop vellor church south india reflect church infus hope,pos,0.7118714551316976
516,covid19 distract socialist aoc nasti nanci mad maxin continu strip american const,neg,0.22471032250200085
517,call email messag facebook enquir refund holiday miss due,pos,0.6748142068434746
518,chines regim ramp effort tri steal research america use colleg campu,neg,0.26623829634501817
519,watch dozen protest demand food aid amid covid19 lockdown clash polic outskirt santiago chile,neg,0.2541844626224957
520,queston day kind person would mandat nurs home take covid19 patient thousand death ,neg,0.24025826895640104
521,tree knowledg intern corp announc launch post covid19 commun care program,pos,0.7754337388732476
522,kill medium go anti hcq panic mode trump say take drug fend covid19,neg,0.2341792293342832
523,student thrown limbo eerienc concern defer becom real option,neg,0.3275726967829526
524,care somebodi hous seem get take hydroxychloroquin,pos,0.7425944840150732
525,thank god safe neg covid19 keep safeee,pos,0.813761773871722
526,covid19 pandem led lifeway make number difficult decis anticip presid ben mandr,neg,0.2727333081295549
527,provok outrag nh care worker cleaner scheme famili migrant nh ,pos,0.7796748862089766
528,covid19 shock american consumpt dramat furnitur electron applianc clothi,neg,0.24921073124076323
529,never heard covid19 would honestli notic differ flu season,neg,0.23555773763528742
530,mental health loneli domest violenc child welfar addict govern polici pay enor,neg,0.311611708263042
531,fed trump embarrass behavior wake covid19 crisi fact check sourc tha,neg,0.2760910939894848
532,trump bizarr promot hydrochloroquin way stave covid19 wors crazi demonstr danger,neg,0.2591693136328782
533,eect launch nd special call name eress interest innovat,pos,0.7656609125200878
534,life lost govern mandat econom shutdown need acknowledg governor beshear po,neg,0.3178990795916526
535,hey folk superhero particip event event happen good caus get rid covid19,pos,0.6766315689593135
536,covid19 pandem respons better like dutert retweet robredo,pos,0.7325544232377613
537,covid19 halt anti govern protest tension simmer hong kong lawyer author elain,neg,0.24570934924773438
538,texa doctor ivett lozano prais presid trump advic treat covid19 patient due advic,pos,0.6759277822212202
539,ask support healthcar worker fight covid19 answer simpli reach simpl check text,pos,0.6889940654523593
540,support covid19,pos,0.7668396599075679
541,commend australia leadership achiev much need investig covid19 origin keep peopl safe,pos,0.7680492071362087
542,sweden covid19 death per caput europ last week report thehil,neg,0.1636892046711019
543,great news get covid19 test free citymd nyc uninsur problem appoint walk,pos,0.7428457120206678
544,ebc help covid19 front liner homeless peopl commun affect give food,pos,0.7582575766209709
545,truth blueprint manag pandem implement lockdown ,pos,0.7208145162241767
546,pandem go feel like sometim world danc revolut mani arrow follow,pos,0.6928601731735281
547,anoth democrat governor anoth nurs home scandal virginia still know northam refus an,neg,0.2625662606949327
548,virtual group meet commun covid19 help reassur patient,pos,0.7924894208920436
549,assign tembisa hospit prof anton stoltz one top infecti diseas eert guest,pos,0.6722722108766183
550,anoth huge thank north chariti north east north cumbria suicid prevent network grassroot fund,pos,0.7598571867733712
551,nearli million work mcconnel want benefit stop anyway,pos,0.6690864391506864
552,interest comment detail hong kong regist singl death covid19 care home whi,pos,0.7158602508986931
553,trevor bell year old taxi driver london die covid19 day passeng told vir,neg,0.1809533207008354
554,nobel winner attack lack british leadership covid19,neg,0.29643879420597274
555,solut help pre reg independ sector week,pos,0.7400642877031459
556,today gave care packag feed famili affect covid19 pandem majengo area ensur,pos,0.7556666408309921
557,slipperi slope start way abort go safe legal rare,pos,0.7317638699183733
558,peopl uk call covid19 say shit go,neg,0.21743404675777148
559,hair salon close due covid19 three set new volum strength shampoo condi,pos,0.6627585621122906
560,protest day anti work class anti peopl action goi covid19,neg,0.22171154335071372
561,rate ischem stroke covid19 infect low stroke sever deadli thu low,neg,0.22945542905799918
562,move fast break thing work nhsx listen free hsj latest podcast health tech respon,pos,0.7224954079813243
563,yoooo professor clutch fuck covid19,neg,0.2739455812327786
564,year old fatal rate covid19 roughli one million open school ,neg,0.2175009312773985
565,million risk life livelihood first respond front line worker said collin billi,neg,0.34326963581815134
566,highest infect rate africa death case yesterday djibouti anoth il,neg,0.2263231163122802
567,current covid19 death report clearli caus case,neg,0.22116088542367782
568,coronaviru test avail corbi bank holiday weekend appoint anyon age five,pos,0.7584550701549585
569,uddhav ji kindli allow day home quarantin day hotel quarantin co,pos,0.6967186506326198
570,legisl seek make sure peopl safe infect covid19,pos,0.7400540024930456
571,use freedom religion argument demand cart blanch demand open religi venu proffer falla,pos,0.6533757587783373
572,turn year old beat elderli man nurs home detroit care worker,pos,0.6550072163826115
573,fairfax counti health depart respond request nurs home longterm care facil death covid19,neg,0.2480981176856843
574,mad shopper got two thing ask respond messag wa,neg,0.3225776674612846
575,lesson learn pandem appli context climat chang join onlin discussi,pos,0.701271116432115
576,clear statement made presid bodi call nccc taken critic decis respect,pos,0.6915570170846563
577,serum institut world largest manufactur vaccin volum work sever candid novel coron,pos,0.7172195229946143
578,chanc die percent far world health organ global mortal figur,neg,0.2671173080793773
579, suspect arrest special patrol unit spu offic north modderfontein rd reckless neglig,neg,0.302069652096149
580, volunt fine work covid19 time pune help health worker messag contain zon,pos,0.7688085045379184
581,believ trump say safe take medic still get coronaviru,pos,0.6403779061588784
582,day th war covid19 continu,neg,0.26582261827427184
583,watch small cap need boost covid19 via,pos,0.7468025356941383
584,revsir covid19 global threat modern time thu new approach union therapi propos co,neg,0.27395169129277236
585,genovia report singl case covid19 true leadership look like,pos,0.7856251241480672
586,devasthanam land sold away direct contravent sthala purana high time stop,neg,0.24734653820422067
587,hello let share one peso le fortun one peso would mean lot,pos,0.681677864412211
588,dear hope enjoy see parent seen mine week hope child enjoy se,pos,0.7289276269135584
589,morn joe plan sunday edit new york time devot front page covid19 dead al,neg,0.2664336871920236
590,eid mubarak everyon pleas forget say prayer one suffer covid19,neg,0.2620543825046777
591,gop gov desanti protect senior florida went,pos,0.7056093065014489
592,peopl die car accid wear seat belt peopl die cancer push earli detect,neg,0.1421196957472215
593,grow evid suggest covid19 infect like ill relat prolong time eed viru,neg,0.27506773181596356
594,covid19 show school friend shit realli show,neg,0.315576852790316
595,dear philippin govern normal type cap look sordid unorgan irritati,pos,0.7350832222198381
596,suicid research clear australia need urgent action address covid19 fallout ian hicki,pos,0.7334588605787626
597,dead trump play golf unemploy econom plan lie day lie day,neg,0.28134703903309727
598,donald trump tout hydroxychloroquin miracl cure covid19 spite medic warn,neg,0.197379795437685
599,remdesivir acct trial appear speed recoveri patient perhap lower day mortal ,neg,0.3042177176100609
600,peopl chicago die week covid19 relat gunshot wound vote mail,neg,0.19934408572223822
601,best onlin technolog busi best mall best store musn fo,pos,0.7720464750350228
602,wow cdc revis mortal rate symptom tricki word includ peopl without sympt,pos,0.6500971004390185
603,inmat releas earli due covid19 arrest attack woman hike trail exampl danger invo,neg,0.15808340247032357
604,washington state classifi sever shoot covid19 death wa state epidemiologist admit classifi som,neg,0.18895283485438505
605,anyon say quick judgement cum broken rule extent first,neg,0.296845418530616
606,cousin mine pull life support tomorrow suffer multipl stroke due complic covid19,neg,0.2747361770531658
607,agre add japan pm abe other list wear mask protect covid19 micr,pos,0.7179460645575335
608,eect believ america flu death year sinc everyon die covid19,neg,0.16572842570959337
609,ice detaine die covid19 suffer horrifi neglect,neg,0.18703540298512034
610,natur send messag say tell need heal planet want hea,pos,0.7535549470004965
611,news philippin worldwid child pornographi peopl rape per day amid pand,neg,0.2531137829115372
612,presid trump warn congress covid19 democrat impeach shut flight chin,neg,0.19856872791064006
613,evid show cloth mask may help covid19,pos,0.7466290003920196
614,oh death happen nurs home dr acton oh dept health said nurs,neg,0.2213361909792852
615,follow covid19 locust attack bad year,neg,0.23438148059064914
616,eir med much ward stock month date covid19 patient allow wander neg case covi,pos,0.7213365813782664
617,today covid19 death unit state america pass mark dead viru,neg,0.1708971103581112
618,trump team kill rule design protect health worker pandem like covid19,neg,0.41228425100817034
619,set blame spread covid19 distract deliber failur gover,neg,0.2520761251673813
620,good discuss presid measur adopt india austria respond covid19,pos,0.750946599604512
621,covid19 left thousand isol got think could help write letter,pos,0.6992766546442153
622,tuesday strike oakland come le week mcdonald worker citi went strike protest,neg,0.2983902547669426
623,know mani black bishop clergi cogic die covid19,neg,0.22255268447052226
624,month ago one close confid seem set tri identifi share ,pos,0.7101691775008936
625,fun fact stori everi singl part alarm,pos,0.7415234762719932
626,presid cyril ramaphosa lost complet control south africa rant level sa covid19 ar,neg,0.2693129512784225
627,news new seven deadli sin tv anim delay due covid19,neg,0.2351869279081559
628,hous offic district headquart hospit faisalabad say patient sever symptom like short ,pos,0.7289704301518982
629,news due covid19 taken difficult decis postpon major product fur,neg,0.2819429813339417
630,italian produc union strike agreement covid19 product protocol via,pos,0.6972214444368832
631,like said month ago vaccin develop antivir manufactur polit nation obtain bui,pos,0.7035033247827128
632,french govern cancel decre allow hospit doctor administ hydroxychloroquin treatment pati,neg,0.3210087224112398
633,temporarili make articl free read june elor addit way,pos,0.7644290964474835
634,greta incorrect flu death record death actual caus flu covid19 death,neg,0.10432134460994127
635,today pm mst flathead counti agenc age talk hunger montana,neg,0.3336381489905341
636,fascist regim propaganda fail american distrust info chines govt abt,neg,0.2373351377319359
637,sweden subject critic relax coronaviru strategi countri covid19 death toll nearli,neg,0.179489595793452
638,best friend fur tail,pos,0.7580218582826852
639,advoc prison call decis exclud case problemat rais concern move could,neg,0.2760765229948777
640,hear player rover dundalk boh derri neg result covid19 test great,pos,0.764046549264386
641,kerala ajith fan district committe honour covid19 fight health worker distribut wate,pos,0.7435565889790277
642,june certain shop across england reopen updat guidanc help reopen safe full guidanc,pos,0.8090526408291832
643,iit gandhinagar develop interact dashboard name mir ahd covid19 help administr hospit pub,pos,0.7423734107410445
644,event talent career organis two special help student critic time effect,pos,0.7506820578237922
645,widespread outbreak meatpack plant highlight need stronger measur protect worker,pos,0.7807467462518083
646,platform doctor told hold togeth other screw said engin,neg,0.3394786672843207
647,uncl die cancer certif state die covid19 question accuraci,neg,0.14398326868938247
648,anderson cooper shame obama play hn flu se,neg,0.24637289059340067
649,report leadership well research avail lot,pos,0.726905923775722
650,insult least peopl die covid19 uk govt abandon commun test proper test,neg,0.17808096454718814
651,today watch cllr discu citi adapt renew covid19 third parti grant additio,pos,0.724442149586731
652,trump act faster social medium covid19 lmao embarrass,pos,0.6684854446556876
653,covid19 almost made forget real viru america,neg,0.2771997586103756
654,see laugh mendac ineptitud excess death amount,neg,0.22782255925648318
655,feu advoc join nation commemor begin may june tri time,pos,0.7228001565760181
656,new foundat help broaden agenc donor base,pos,0.7438912654776961
657,astonish hot heel newsnight come govern liter use money pay,neg,0.2787849340575659
658,break death toll covid19 america reach life democrat medium pounc,neg,0.1610318505395451
659,asian american passion speak xenophob attack begin covi,neg,0.24602397924450214
660,texa suprem court lack immun covid19 alon enough vote mail big win,pos,0.6946503976352609
661,new analysi sequenc data suggest current covid19 outbreak spark mid feb well provid insigh,pos,0.7407824871216725
662,got email amazon pr team pre edit news stori script run show sell,pos,0.711857587962499
663,karl anthoni town lost mother due covid19 outsid demand justic murder georg floyd eve,neg,0.2272667206697465
664,nih covid19 treatment guidelin panel panel recommend use ace inhibitor,pos,0.6821485782883209
665,kill polic told fault kill covid19 told fault live ,neg,0.20473865741292477
666,canada commit multilater drive candidaci innov financ,pos,0.7274335271413436
667,american dead american citi turmoil death georg floyd presid,neg,0.16610391192596471
668,jenni stejna spent two week fight life covid19 massachusett nurs home recover,neg,0.24189889534121697
669,name belli mujinga black woman got spat cough die covid19 got murder,neg,0.20700100339178903
670,school close teacher lose job due covid19,neg,0.23772366205328943
671,daili infect england high level incid make lift restrict riski,neg,0.22609225988648043
672,jump knew trump go bad never ever thought would bad shit cata,neg,0.2155003419149164
673,dear client restrict begin eas slowli open door implement prevent,pos,0.7101770901574345
674,ny bar associ want ny child pharma lab rat new eeriment vaccin even though cv im,pos,0.6981046788808968
675,presid trump cut tie due death destruct caus covid19,neg,0.1729620757660042
676,black men stay loyal partner find cure covid19 black men,pos,0.6352962974532211
677,covid19 start lessen number yet rise go one long outbreak ,pos,0.6755693088940652
678,time call kenyan polit leader fraud declar curfew covid19 demand,neg,0.2712546202457682
679,somber day rememb die covid19 far thursday digit versio,neg,0.18988460012938982
680,urban cluster becom worst covid19 hotspot need reimagin model urbanis,neg,0.3018207405189651
681,regardless professor say peopl care home vulner peopl,pos,0.6981841919086463
682,mass gather prohibit due covid19 except antifa want start riot major american citi,neg,0.23921542255291786
683,trump care world health even care health peopl elect ,pos,0.7027872746117599
684,doubt coincid populist least regard tr,neg,0.27305833142422004
685,need new emoji like one twitter jail sanit bottl bio hazard suit lot emoji,pos,0.7263453520280203
686,belli mujinga die covid19 spat man claim infect must face crimin charg,neg,0.18699944048514416
687,greet project life covid19 trade hre ,pos,0.6786249172533677
688,updat got permiss fuck yeah cop push hard barclay flung back tini,neg,0.30251283764579323
689,reuter lorrain sullivan irish pm say good chanc social distanc rule relax ,pos,0.7421781566835655
690,australia fire covid19 lot thing cancel footag ufo cop choke black ,neg,0.2790310788035055
691,today would anti cruelti societi th bark park due covid19 move park hea,neg,0.24068651922637696
692,sinc similar event cancel due covid19 protest dress cosplay super,pos,0.5811722701434
693,student onlin learn due covid19 howev easi get distract one avoid ,neg,0.26894951269384604
694,ye mani live concern larg number,pos,0.674659743179422
695,protest caus huge spike covid19 case major citi,pos,0.6239324216248185
696,note particip particip protest may also consid get covi,neg,0.28411872716147085
697,love read get compli polic repli folk thought covid19 stay ho,pos,0.6982823178127187
698,hey rememb realli paranoid contact trace silicon valley app peopl push track ,neg,0.24658430512994264
699,hous democrat lead voic fight progress nationwid commit fight injustic wherev,neg,0.26821841601203733
700, work acut adult care covid19 ward march april gradual slow,pos,0.7417256987716085
701,one guy room suggest get rid problem muslim covid19 patient ek inject lagwa dijiy ,neg,0.30780783721977206
702,tori govern punish london right thing covid19 stay home increas,neg,0.3133308979481304
703,hey mani app use normal workflow use stuck home ple,neg,0.31338894216798174
704,india peopl driven fight covid19,neg,0.26357317734060837
705,got polic pull eensiv as gear give nurs like mother proper ppe take care covi,pos,0.7296094752875542
706,english tourism week urg disappoint enjoy citi attract go onl,pos,0.7182997544196462
707,although covid19 pandem delay jabari grassroot effort also open pocket opportunit,neg,0.29973285419691037
708,remain peer pass inform help ee domin cum alleg covid19 breach,pos,0.7386374533544364
709,must muster vigour equival polit bounti energi see ba,pos,0.6755442791972083
710,la suspend covid19 test one blatant act biolog warfar peopl color ever seen,neg,0.2503038773987174
711,survey conspiraci theori fascin disturb uk adult think withhold secret covid19,neg,0.2558130947375269
712,sad news note singer sonu nigam confirm music compos wajid khan sajid wajid pass away short whi,neg,0.2851401950099043
713,updat aunt stabl shot rubber bullet snipper top build eye cant,pos,0.6934840551346857
714,la suspend covid19 test protest chicago school stop grab go meal child due,neg,0.19537066315057977
715,airlin hotel go work hard get busi travel back imposs busi,neg,0.3391636223576697
716,magistri clear covid19 man englandena,pos,0.6985583057303472
717,press releas sampl test may confirm new covid19 case case among sampl test po,neg,0.27707046193026996
718,updat russian health minist say countri infant mortal rate hit histor low,neg,0.26567462837039657
719,covid19 new infect death,neg,0.22937343268397387
720,mani thug riot prison democrat releas earli due covid19,neg,0.14675918129964965
721,bill import urgenc mass test mani thing help fight covid19,pos,0.7150011968365392
722,confirm case african contin recoveri death ,neg,0.20711501021748782
723,care patient covid19 unit approach hospit,pos,0.7520009583694882
724,believ riot season alreadi still covid19 decor,neg,0.25087932691653947
725,health offici brace like second wave covid19 offici world health organ hold brief,pos,0.7047673583958074
726,tyson food inc biggest meat processor return pre covid19 absente polici includ punish,neg,0.3136380345885841
727,smart citi advoc see covid19 polici opportun chang austin austin monitor,pos,0.6964196909906193
728,cure covid19 alway wors diseas nation pay heavi price quit time ,neg,0.27303889545611065
729,new star around world petit brazilian presid jair bolsonaro protect indigen peopl covid19,pos,0.6802399188519939
730,continu help healthcar facil local commun thailand thank ongo,pos,0.800416622331615
731,freelanc relief fund help,pos,0.8041012215151564
732,nakd australia open covid19 case drop dramat start look like multi day beast lo,pos,0.7086607748555954
733,human finish fail drastic chang food system respons coronaviru pandem,neg,0.27965905527442503
734,want eras legaci shut nsc pandem,pos,0.6900566646440294
735,mr presid cours seen shit job done moran doesnt se,neg,0.2596133433609352
736,moneybal pro cancel,neg,0.2652876183498819
737,covid19 test avail new yorker test safe free confidenti easi also critic,pos,0.7600796886913949
738,bori johnson today stood parliament said proud record covid19 uk le,pos,0.6325278066765909
739,citi austin cancel juneteenth trash allow peopl go bar zilker,neg,0.3013062063011133
740,adderal sharpi pick believ rumor best yet,pos,0.749091268407696
741,challeng lift restrict lockdown suppress transmiss reduc number peopl infect chang,neg,0.24096663139740904
742,rememb covid19 take week two week incub let medium fool say new ca,neg,0.26404452284596686
743,get valuabl inform age well colleagu covid19 specia,pos,0.7373639592427521
744,woman enggag lot men never trust lover final,neg,0.29693319491792713
745,covid19 danger even visit love one hospit even die hosp,neg,0.2570987567658381
746,respect today memori servic georg floyd minneapoli est hold press brie,pos,0.6770082581027492
747,help analysi donald trump mere apotheosi grow disdain among republican,neg,0.2702543985014004
748,heel studi show hydroxychloroquin help patient hospit covid19 new studi first,pos,0.7258654700852295
749,sourc death arizona depart correct staffer due covid19,neg,0.18102687029297237
750,innoc proven guilti pero dito sa anti terror bill guilti prove innoc,neg,0.23275718568287163
751,bad news everyon involv georg floyd infect covid19 autopsi reveal,neg,0.21941836267039563
752,contact nh advis isol day must even,pos,0.6726950053572023
753,autopsi reveal test posit covid19 april recov suffoc death knee,neg,0.1863980755340477
754,welcom file charg involv kill winston rago time end impun br,neg,0.24443080379100302
755,hand wash soap remain one effect cost effect mean prevent covid19 read belo,pos,0.7513238252970592
756,one chennai abl knowledg lawyer mr venkataraman known team madra hc die today due co,neg,0.22694951766626315
757,build global resili respons toward covid19 way forward join discu afri,pos,0.7377993108792363
758,faceless busi print share selfi day creat poster ask,pos,0.6993400618479836
759,sensit clear persuas argument lead caus excess death record covid19,neg,0.2429233365756043
760,battl covid19 race war sexual assault time must say lot,neg,0.254403434060221
761,realiti check state carbon emiss amid lockdown lot need done curb climat chang spite,neg,0.28715718718731853
762,richest american given wealth covid19 relief given noth biggest donati,pos,0.6691927587728607
763,said modi regim want chang muslim major statu occupi kashmir take advantag covid19 lockdow,pos,0.6491784961093111
764,thing new york suspend habea corpu realli whole thing nutshel law say govern,neg,0.27833548604791736
765,militari sieg multipli suffer kashmiri amid outbreak covid19 indian troop inten,neg,0.2562760976192789
766,singapor parliament pass fortitud budget th packag govern measur design protect eco,pos,0.7677692472860582
767,took day protest realiz mayb protest acceler spread covid19 agai,neg,0.2575285021452333
768,thunder thought ppl find quit interest project graph covid19 pandem india india,pos,0.7315970444671361
769,eloit benefit call christian valu life joke,pos,0.7238651331811009
770,saw news orang moron visit factori main produc covid19 test kit everyth room,neg,0.263896280816686
771,yesterday nypd sought grant right arrest anyon hold hour crowd ,pos,0.6891040883866981
772,oh alright inform could take sinc covid19 go got mine,pos,0.6742721364449406
773,three posit person die person test covid19 posit today,neg,0.21432850162485179
774,physic distanc face mask eye protect help prevent person person transmiss evid show,pos,0.7316623459830884
775,find told nh test trace servic contact someon coronaviru,pos,0.6779201365536657
776,pleas help save busi black own ice cream shop locat silver spring md deni assi,pos,0.7676289979186554
777,employe dcc bank vijayapur proud hand littl contr,pos,0.7391111418066666
778,ontario record spike number new covid19 case provinc surpass infect htt,pos,0.644397636503845
779,premium tear kenyan react uhuru extens covid19 restrict,neg,0.2612352224625839
780,provis made extra secur protect vulner covid19 within hour,pos,0.7496102798289155
781,watch even gather ralli anti terror bill protest made point observ health protoco,neg,0.22432793196607445
782,ahmedabad report new covid19 case death total case count fatal health offici,neg,0.2371055955068389
783,also covid19 confirm test sixteen suspect case came back posit case ibadan south,neg,0.24862015686904776
784,present covid19 movi go die racist end,neg,0.2529446005674618
785,wonder lem tri kick back relax web surf host network connec,pos,0.714864823819116
786,serco win covid19 test trace contract despit fine,pos,0.7000650304489465
787,taxi driver stratford spat die covid19 back may rip trevor bell say name,neg,0.19595961528841258
788,mani famili peopl commun color struggl pay rent amid covid19 senat mcconnel,neg,0.3087996731527235
789,inhibit bruton tyrosin kinas patient sever covid19 scienc immunolog,neg,0.32033065273714945
790,texa see record uptick covid19 case protest continu,neg,0.2561876923990118
791,remind speaker nc hous thom tilli pass law block medicaid eansion brag,neg,0.3062096143054501
792,sorri reason pandem rage irrespons behavior peopl ignor scienc,neg,0.2317975027755752
793,pleas take vaccin sure covid19 gone sinc start race war,neg,0.2991848408741932
794,american worker help slow spread covid19 deserv news last month ad million leisur hosp,pos,0.6634881707053211
795,pa cv free covid19 test la locat burbank drive thru other well,pos,0.7438770981930447
796,save peopl inhuman child separ famili live sleep cage eed covid19,pos,0.7075135791055435
797,first impeach covid19 riot fail guess tri next realli mat,neg,0.2508634735627277
798,hope touch statement made arlen foster podcast irish,pos,0.7412879308644065
799,scotland northern ireland record new covid19 relat death,neg,0.23866454404074572
800,angela merkel declin trump invit cite lack precautionari procedur prevent covid19 infect,neg,0.2982462306542966
801,read gay pride festiv area cancel year due covid19 everi cloud silver line,pos,0.6566322239946841
802,like call doctor around world say covid19 may lose,neg,0.31240347928666745
803,peopl die covid19 yesterday pleas wear mask public maintain social distanc ea,neg,0.16893462224165026
804,fatal exceed citi deputi health minist covid19 death toll may reach,neg,0.17224558476105725
805,brazil covid19 data like viru becom invis,pos,0.7053142006251545
806,american approv trump death covid19 million unemploy tear gass peac protest,neg,0.17118923339226613
807,austin artist musician fill applic relief fund super quick hit question,pos,0.7267137295702873
808,protest definit get test covid19,neg,0.22318623605574126
809,everi turn presid trump ignor eert downplay threat covid19 pose misl american peopl,neg,0.16916377339385483
810,wish would stop say covid19 fake disrespect peopl still mourn love,neg,0.2303246966340238
811,success household sme applic submit account detail cbn nbn covid19 target credi,pos,0.7358867919774493
812,isi al qaeda could profit covid19 commun sahel deal lockdown aid shortag,pos,0.6970318973613469
813,folk look forward lift restrict bear mind govern announc run spac,neg,0.2988784409788873
814,rubber bullet whose veloc match live ammunit estim fatal rate higher,neg,0.24668156956222198
815,huge news began februari long covid19 shutdown began inact ineptitud,pos,0.716224701025335
816,good learner would make friend great woman leadership,pos,0.7880736985952069
817,stop let gop push fals narr economi boom covid19 alreadi recess,neg,0.25551294416711495
818,cleveland tv legend dick goddard covid19 daughter said facebook monday keep famili,neg,0.321156695998372
819,will protect oce,pos,0.7337086001461076
820,pray god allow come home th circuit consid realiti winner eedit,pos,0.7216735822230358
821,rememb two month ago wh tout model project covid19 death top,neg,0.2082364273552768
822,doctor world need pleas join,pos,0.7448626947182287
823,covid19 jare graduat cancel jare met momma,neg,0.2665140740059706
824,univers washington forecast covid19 death august,neg,0.18523733570954568
825,black peopl die rate white peopl least peopl die would still,neg,0.11832841353202082
826,want pay tribut peopl lost life due covid19 pandem amphan shri,neg,0.13320834274390966
827,tonight resum report corrupt ministri health procur covid19 good report,pos,0.7337526893509491
828,sure pandem pa begin move countri easi forget hur,pos,0.7002017929834743
829,huge wall street journal analysi found across countri viru spread wide place cr,pos,0.7589957280799594
830,scrambl conserv cash cut cost ,neg,0.26766037953512767
831,want pay tribut peopl lost life due covid19 pandem amphan shri,neg,0.13320834274390966
832,correct gave incorrect death rate oz covid19 sorri certainli quarantin lockdown effect swe,neg,0.23755548074371224
833,would want know work hous hous next test covid19,pos,0.6935336372454327
834,care covid19 patient home,pos,0.7759678628573413
835,fact serco lead test trace proof proof need success govern past,pos,0.7301271555755292
836,interest studi still believ start china freez report viru sp,pos,0.6932901272215714
837,intern council nurs icn compil data gt countri statist howard cattin icn ceo,pos,0.7457519877974883
838,updat texa report record number patient hospit coronaviru third day row da,pos,0.7115002010592267
839,get test covid19 protest,neg,0.22794572224550572
840,odd anitfa insurg happen covid19 lose steam odd covid19 happen mome,neg,0.2517219122924833
841,geo senior produc attend sheesha parti friend day ago pictur twitter friend ca,pos,0.7334645409902917
842,sorri insan right canadian govt creat covid19 grant convolut constantli chang,pos,0.6846047423226599
843,medium stop spread disinform instead concentr burst myth relat covid19,neg,0.24373083243419094
844,health ministri roll home care guidelin covid19 patient ca aman say pc posit case kenya,pos,0.7368596364333243
845,join session host webinar result local govern covid19 surv,pos,0.7601299716644634
846,relax day limit prescript drug pharmacist work hard manag drug suppli,pos,0.6921245785318138
847,notic news shorten coverag protest tri shift focu back rise covid19,neg,0.23834269225598942
848,covid19 spread enenti death rate increas pti govt sure use everi trick book shift,neg,0.18791808810807908
849,work hard behind scene abl open monday th june safe way new setup detail,pos,0.7761965395389904
850,despit rel low number case africa train health worker deploy eert deliv,neg,0.27564742145463067
851,thank hon ble cm maharashtra shri uddhav ji inaugur wipro repurpos campu bed covi,pos,0.7391648173445069
852,applaud fight corrupt loot public fund go zimbabw cruel evil,neg,0.2603824439873656
853,static releas covid19 risk assess chart announc interact dashboard provid real,neg,0.28713033648258346
854,publish market analysi page report cover mkt size growth,pos,0.7039134227071945
855,suprem court take suo motu cogniz report improp handl covid19 patient undignifi dispos victim,neg,0.3426137218194925
856,tour would possibl without amaz crew work tirelessli behind scene help set run everi,pos,0.7515970075267486
857,got free covid19 antibodi test donat blood day ago got result today neg,pos,0.762684452524932
858,dear librari still close arizona covid19 case rise return ill,neg,0.2652433402550698
859,catch covid19 die,neg,0.22277841645126148
860,follow everyon like tweet follow back catch eventu,pos,0.6484366934266438
861,new case covid19 report ratlam madhya pradesh aslam baba die covid19 use cure peopl kiss,neg,0.246324576164028
862,lockdown restrict peopl funer curb spread covid19 coronaviru cut cost bereav fam,neg,0.21037658372652351
863,alway interest talk royal high danish crown princess import safeguard sexua,pos,0.7603683249122037
864,one graphic design student georgia put love sweet graphic skill entrepreneuri talent togeth,pos,0.7422166119279908
865,ga report key takeaway bcm demand drop bcm perman demand loss due covid19,neg,0.23524285346185575
866,least health worker mani involv covid19 respons argu protest racism polic brutal,neg,0.24365247473634283
867,zimbabw petit get obadiah moyo fire prove involv loot public fund mean,neg,0.23247530629480567
868,brilliant video put togeth hand learn look like univers fal,pos,0.7520354296233038
869,perhap fact guy think need militari grade protect public need protect oth,pos,0.7646593981345067
870,today mark day sinc countri first covid19 patient return holiday trip itali ca,pos,0.7106789659335419
871,chang imag report put sketch maulavi like put imag,pos,0.6958227509992747
872, mask reus gown dire ppe shortag reveal covid19 racial divid,neg,0.25174972717466093
873,sadiq khan play medium narr truth blm protest peac,pos,0.6400102639798613
874,one note rnc announc trump accept gop nomin jacksonvil florida broke record,neg,0.26653091740124296
875,keen know truth covid19 think rare case peopl cure return ,pos,0.6586652806303969
876,everyon els free move around go beach dine outsid govern extend ,pos,0.7362430394779353
877,result ongo challeng present covid19 promot azerbaijan singapor japan ha,pos,0.7187334233549756
878,patient treat wors anim sc rap handl patient,pos,0.736595039843103
879,baron tick box come stay secur covid19 make sure,pos,0.7126242738955308
880,kindli stop harass paren,neg,0.25776345362047076
881,lockdown extend said chief minist friday appeal peopl,pos,0.6406108006601458
882,dr muffaz lakdawala ace design dc design covid19 special ambul,pos,0.7361042180194874
883,govern ignor warn stockpil ppe covid19 spread,neg,0.22884438121633335
884,cr janta covid19 test lab peopl million test test per day pray,pos,0.6594955184338616
885,artist vic mccewan write artist surviv troubl time articl momentum covid19 pu,neg,0.3255886197417425
886,want say britain futur want hear mani eerienc possib,pos,0.7254246790535873
887,indor male nurs rajesh aswara overcam covid19 say want help other combat remov fear mi,neg,0.27856490343443346
888,spoke prime minist thongloun sisoulith commend effect manag covid19 lao pdr also review,pos,0.7253767832192927
889,laugh posit test shahid afridi covid19 human diseas bound,pos,0.6514521603034709
890,american peopl kill day day without wear mask public area even,neg,0.19892522555673336
891,covid19 good effect life line human take drastic measur annual arl fra,pos,0.7591847868893679
892,cdc dare warn american may introduc strict covid19 regul spike case say fuc,neg,0.24052606252441983
893,covid19 ravag countri listen govern prefer save economi life,pos,0.7262372011043358
894,fire florida top coronaviru data scientist launch websit show covid19 inform state would,neg,0.3334473804065878
895,prophet muhammad directli address two biggest issu time diseas covid19 racism diseas tol,neg,0.2572569674122509
896,look mayor queenstown new zealand bunge jump celebr nation eas covid19 lockdown restrict ,neg,0.31371017501561843
897,oh protest covid19 prioriti see democrat ,neg,0.2309237948292964
898,woman repres migrant worker play import role health servic ee covid19 ar,pos,0.715250714151293
899,serv serv heart find quest give get life bless,pos,0.7473546578601958
900,test avail ohioan even low risk asymptomat find test site nea,neg,0.30404336378932056
901,misbah ul haq eress best wish toward former team mate shahid afridi,pos,0.7677907807429402
902,page omit report govt omit seven recommend protect bame colleagu,pos,0.7271069672737874
903,chaz peep gon na prove covid19 bullshit,neg,0.2597365370238841
904,recov corona allah bless new life gave chanc make life valuabl,pos,0.7355587456232225
905,sad learn death mna ch noor tanveer nephew due covid19 today may allah rest depart soul peac,neg,0.20120270593041809
906,trump gop mnuchin promis help worker big small employ close economi nd wave,pos,0.7581693961576667
907,minut silenc observ ahead match memori victim covid19,neg,0.26699370691155594
908,thank republ burundi assist get highli need medicin mother period uncertai,pos,0.7501403552656581
909,covid19 worst diseas process ever work year icu nurs say recov,neg,0.2779585304127088
910,pore govt creat job help worker cope covid19 impact chan chun sing,pos,0.7502302182509348
911,good news covid19 thailand found case insid countri month alteadi,pos,0.7539669308412356
912,prison releas earli riker bc covid19 concern arrest time sinc take look,neg,0.2325048345034664
913,new zealand welcom back sport fan countri new covid19 case three week via,pos,0.6567729710659154
914,sign petit demand state offer onlin voter registr respons covid19,neg,0.27491561356901906
915,lo angel lead attorney mike feuer warn emerg scam involv contact trace imperson,neg,0.24941154809515334
916,someth know report stori california use prison labor clean isol cell peopl,neg,0.2975445534947083
917,rapper scarfac recov month covid19 diagnosi glad aliv fox dc,pos,0.7065946893067633
918,new covid19 case tulsa counti spike highest level sinc pandem began health depart dire,neg,0.26803045000417386
919,gov roy cooper sign law legisl provid money help run north carolina elect safe secur,pos,0.7666007975606299
920,make differ pamdem recov covid19 donat plasma save anoth life,pos,0.7749016194441907
921,almost bori johnson tri distract attent uk highest excess death rate wor,neg,0.17907960042166163
922,miss mobil covid19 test centr mississauga first time visit meadowval commun centr friday jun,neg,0.2847656498022413
923,covid19 breakout subsequ restrict led brand shift toward influenc market bw businessworl,neg,0.2644611323808682
924,report wealthi trump donor get million relief meant small busi administr refusi,pos,0.7520408374360219
925,covid19 realli social safe,pos,0.7215919306738113
926,health mutahi kagw announc new covid19 case test sampl total number rise http,pos,0.6430412894693365
927,today workmat die week wife apart come work noth social distanc,neg,0.2559003827803104
928,wow almost mask wear good two infect missouri hairstylist wear mask none custom,pos,0.6648664630251868
929,biodivers conserv africa close link poverti reduct human well post recov,pos,0.7177340910787485
930,delhi lnjp hospit review prepared relat covid19,pos,0.6841045734420433
931,major music sector reliant govern support get challeng time governmen,pos,0.744367323304756
932,june issu aami news avail highlight special appreci issu includ devic manufactur,pos,0.7408748985031289
933,fill church portrait die pandem use broadcast homili,neg,0.25930737273509546
934,rajneeti news russian citi cancel victori parad en mass fear covid19 still loom kremlin say und,neg,0.24228126623232096
935,hey thing help friend spread word,pos,0.7868851224201945
936,deepest regret announc anymor special advis nation advis covid19 effect,neg,0.3370681324498164
937,yea unbeliev journal like man recent lost mother covid19,pos,0.6723888712635492
938,got cancel speak climat chang reform event past tweet link covid19 countri,neg,0.2914532658284457
939,brief messag monsta mention black life matter movement covid19 frontlin appreci,pos,0.7090804340141926
940,recommend improv effect multi agenc respons covid19 respons part,pos,0.7190893176116732
941,guess someon help bitter ooz,neg,0.3858388114889525
942,vumc doctor respond first life save drug found combat covid19,pos,0.690250027631845
943,speaker pelosi say strong bipartisan support get tough platform wake pandem call adver,pos,0.7012987169857026
944,covid19 patient remain intens care across spain valencian commun oliv press news spain,pos,0.7670655059727366
945,four nun die within space week covid19 mother hous convent mthatha eastern cape,neg,0.2459936047594099
946,though gener primani turn back problem state maryland elect day,neg,0.3078569727671581
947,covid19 africa perform better eect,pos,0.714742120133197
948,judg order trump administr give tribe covid19 relief fund,pos,0.7559993179205297
949,report firstpost other surround bodi start shoot indiscrimin crash loud ,neg,0.28945503854511634
950,keep read hear nh covid19 trac trace app call nh app complet di,pos,0.7185562905983206
951, right compar tulsa ralli recent anti polic brutal protest folk ,neg,0.20768650606452618
952,flu shot act like primer track vaccin statu factor see,neg,0.27489027252445336
953,cnn announc peopl die covid19 result attend trump ralli tulsa come sa,neg,0.14638336405179275
954,covid19 case growth number hospit concern much concern trump penni indic count,pos,0.6493554196972476
955,trump claim china cover covid19 case wtf peopl think trump america lose worldwid ,neg,0.19768046384131727
956,govern award million tender fix beitbridg border fenc zimbabw south africa meant,pos,0.7053082437856494
957,import case covid19 report arizona today pleas keep famili safe alway wear mask ,pos,0.7290349472402634
958,healthcar guidelin disclos protect health inform le provid,pos,0.7773121980025726
959,mayor around state want understand someth viru infect rise hospit capac,pos,0.6559254025593205
960,daili new confirm covid19 death per million peopl jun,neg,0.10446462786061271
961,great review sever covid19 team,pos,0.7126258809131216
962,frontlin health social care worker highest prioriti vaccin vaccin covid19 ,pos,0.7170615303381681
963,wealthi republican make ton corpor sell flu vaccin vari,neg,0.26622626880746947
964,record coronaviru case today take state total toll rise new death,neg,0.19023116452553065
965,covid19 test treatment vaccin must free point servic percent cancer ,neg,0.30768747528511176
966,post talk enough peopl respons spread covid19 gl,pos,0.6854169950878471
967,good morn sandit excit let everyon know clear return work out monday,pos,0.7379488535300728
968,latest pima counti covid19 summari case death,neg,0.2072925886004769
969,project florida assum take step limit spread covid19 holi shit bad ,neg,0.28939240267813376
970,news know tweet lot fear regard shame covid19 pandem wan,neg,0.2622425803754875
971,kentucki use covid19 excus slash poll place tuesday vital primari defeat,neg,0.2711359031580985
972,pleas rememb book test covid19 symptom fever cough loss tast smell fast simpl,neg,0.24832315533493268
973,support trump bill gate financ soro money go wuhan lab fauci,pos,0.7444510126756483
974,bet protest hold pua benefit turn way start,pos,0.6696773398760132
975,peopl fall ill covid19 other infect viru eerienc symptom hm geneticist aim,neg,0.2368991379137021
